-- phpMyAdmin SQL Dump
-- version 5.2.0
-- https://www.phpmyadmin.net/
--
-- Host: 127.0.0.1
-- Generation Time: Feb 11, 2023 at 08:33 PM
-- Server version: 10.4.27-MariaDB
-- PHP Version: 8.2.0

SET SQL_MODE = "NO_AUTO_VALUE_ON_ZERO";
START TRANSACTION;
SET time_zone = "+00:00";


/*!40101 SET @OLD_CHARACTER_SET_CLIENT=@@CHARACTER_SET_CLIENT */;
/*!40101 SET @OLD_CHARACTER_SET_RESULTS=@@CHARACTER_SET_RESULTS */;
/*!40101 SET @OLD_COLLATION_CONNECTION=@@COLLATION_CONNECTION */;
/*!40101 SET NAMES utf8mb4 */;

--
-- Database: `survey_db`
--

-- --------------------------------------------------------

--
-- Table structure for table `item_retake`
--

CREATE TABLE `item_retake` (
  `id` int(11) NOT NULL,
  `user_id` int(11) NOT NULL,
  `quiz_id` int(11) NOT NULL,
  `quizItem_id` int(11) NOT NULL,
  `quiz_attempt` int(100) NOT NULL
) ENGINE=InnoDB DEFAULT CHARSET=utf8mb4 COLLATE=utf8mb4_general_ci;

--
-- Dumping data for table `item_retake`
--

INSERT INTO `item_retake` (`id`, `user_id`, `quiz_id`, `quizItem_id`, `quiz_attempt`) VALUES
(57, 6, 1, 2, 1),
(58, 6, 1, 3, 1),
(59, 6, 1, 4, 1),
(60, 6, 1, 5, 1),
(61, 6, 1, 10, 1),
(62, 6, 1, 11, 1),
(63, 6, 1, 13, 1),
(64, 6, 1, 15, 1);

-- --------------------------------------------------------

--
-- Table structure for table `lesson_set`
--

CREATE TABLE `lesson_set` (
  `id` int(11) NOT NULL,
  `title` varchar(11) NOT NULL,
  `description` text NOT NULL,
  `user_id` int(11) NOT NULL,
  `date_created` int(11) NOT NULL,
  `lesson` text NOT NULL
) ENGINE=InnoDB DEFAULT CHARSET=utf8mb4 COLLATE=utf8mb4_general_ci;

--
-- Dumping data for table `lesson_set`
--

INSERT INTO `lesson_set` (`id`, `title`, `description`, `user_id`, `date_created`, `lesson`) VALUES
(2, 'Anatomy of ', '<ul>\r\n	<li><span style=\"font-size:16px\">Heart</span></li>\r\n	<li><span style=\"font-size:16px\">Lungs</span></li>\r\n	<li><span style=\"font-size:16px\">Layers</span></li>\r\n	<li><span style=\"font-size:16px\">Location</span></li>\r\n</ul>\r\n', 0, 0, ''),
(3, 'HEART VALVE', '<p>Heart Valves</p>\r\n\r\n<p>About Heart Valve</p>\r\n\r\n<p>The Four Chambers</p>\r\n', 0, 0, ''),
(4, 'Blood', '<p>Example2</p>\r\n', 0, 0, '');

-- --------------------------------------------------------

--
-- Table structure for table `questions`
--

CREATE TABLE `questions` (
  `id` int(30) NOT NULL,
  `question` text NOT NULL,
  `frm_option` text NOT NULL,
  `type` varchar(50) NOT NULL,
  `order_by` int(11) NOT NULL,
  `survey_id` int(30) NOT NULL,
  `date_created` datetime NOT NULL DEFAULT current_timestamp()
) ENGINE=InnoDB DEFAULT CHARSET=utf8mb4 COLLATE=utf8mb4_general_ci;

--
-- Dumping data for table `questions`
--

INSERT INTO `questions` (`id`, `question`, `frm_option`, `type`, `order_by`, `survey_id`, `date_created`) VALUES
(5, '1.	What is the bodily part that circulates blood throughout the entire body?', '{\"Vcein\":\"A. HEART	\",\"CbAUO\":\"B. Lungs\",\"dRJbh\":\"C. Kidneys \",\"VWkqe\":\"D. Blood Vessels\"}', 'radio_opt', 0, 6, '2022-12-12 07:56:30'),
(6, 'What is the bodily part that circulates blood throughout the entire body?', '{\"HntUL\":\"Heart\",\"EvjYh\":\"Lungs\",\"WFXBe\":\"Kidney\",\"CaHdK\":\"Blood Vessel\"}', 'radio_opt', 0, 1, '2022-12-12 23:53:10'),
(7, 'It is appropriate to visualize the heart as approximately the size the owner’s ______.', '{\"CuaiA\":\"Closed Fist\",\"BLMUf\":\"Elbow\",\"mYGVH\":\"Open Palm\",\"vCuJp\":\"Arm\"}', 'radio_opt', 0, 1, '2022-12-12 23:55:45'),
(8, '1.	What is the bodily part that circulates blood throughout the entire body?', '{\"eQqRY\":\"Heart\",\"hNEzS\":\"Lungs\",\"szOmo\":\"Kideny\",\"DuxYl\":\"Brain\"}', 'radio_opt', 0, 9, '2022-12-15 11:46:02'),
(14, '1.	What is the bodily part that circulates blood throughout the entire body?', '{\"qWJKo\":\"Heart\",\"cmjZp\":\"Lung\",\"MhgBs\":\"Blood Vessel\",\"CHWYy\":\"Kidney\"}', 'radio_opt', 0, 13, '2022-12-15 19:41:31'),
(24, 'Which event will NOT occur during depolarization phase?', '{\"JKZxD\":\"Heart\",\"zSwvW\":\"Lung\",\"emgBR\":\"Kidney\",\"mQhdA\":\"Brain\"}', 'radio_opt', 0, 12, '2022-12-20 13:25:04');

-- --------------------------------------------------------

--
-- Table structure for table `quiz`
--

CREATE TABLE `quiz` (
  `quiz_id` int(11) NOT NULL,
  `Quiz_title` varchar(100) NOT NULL,
  `Quiz_desc` varchar(255) NOT NULL,
  `totalPoints` int(255) NOT NULL,
  `passing_score` int(255) NOT NULL,
  `totalItem` int(255) NOT NULL
) ENGINE=InnoDB DEFAULT CHARSET=utf8mb4 COLLATE=utf8mb4_general_ci;

--
-- Dumping data for table `quiz`
--

INSERT INTO `quiz` (`quiz_id`, `Quiz_title`, `Quiz_desc`, `totalPoints`, `passing_score`, `totalItem`) VALUES
(1, 'Lesson 1', 'Anatomy of the heart', 15, 11, 15);

-- --------------------------------------------------------

--
-- Table structure for table `quizlist`
--

CREATE TABLE `quizlist` (
  `id` int(15) NOT NULL,
  `Quiz_title` varchar(100) NOT NULL,
  `Quiz_desc` text NOT NULL
) ENGINE=InnoDB DEFAULT CHARSET=utf8mb4 COLLATE=utf8mb4_general_ci;

--
-- Dumping data for table `quizlist`
--

INSERT INTO `quizlist` (`id`, `Quiz_title`, `Quiz_desc`) VALUES
(1, 'Lesson 2', '<p>4 chambers for lesson</p>\r\n'),
(2, 'Lesson 3 ', '<p>Size and Location</p>\r\n'),
(3, '', ''),
(4, '', ''),
(5, '', '');

-- --------------------------------------------------------

--
-- Table structure for table `quiz_attempt`
--

CREATE TABLE `quiz_attempt` (
  `quizAttempt_id` int(11) NOT NULL,
  `student_id` int(11) NOT NULL,
  `quiz_id` int(11) NOT NULL,
  `status` int(255) NOT NULL,
  `date` timestamp NOT NULL DEFAULT current_timestamp() ON UPDATE current_timestamp()
) ENGINE=InnoDB DEFAULT CHARSET=utf8mb4 COLLATE=utf8mb4_general_ci;

--
-- Dumping data for table `quiz_attempt`
--

INSERT INTO `quiz_attempt` (`quizAttempt_id`, `student_id`, `quiz_id`, `status`, `date`) VALUES
(133, 5, 1, 6, '2023-01-09 16:27:41'),
(134, 5, 1, 6, '2023-01-09 16:27:42'),
(135, 5, 1, 7, '2023-01-09 16:28:09'),
(136, 5, 1, 8, '2023-01-09 16:34:14'),
(137, 5, 1, 9, '2023-01-09 16:34:45'),
(138, 7, 1, 1, '2023-01-10 05:55:15'),
(139, 9, 1, 1, '2023-01-10 06:03:38'),
(140, 4, 1, 1, '2023-01-10 06:03:42'),
(141, 8, 1, 1, '2023-01-10 06:05:24'),
(142, 13, 1, 1, '2023-01-10 06:41:25'),
(143, 12, 1, 1, '2023-01-10 06:44:54'),
(144, 11, 1, 1, '2023-01-10 06:47:21'),
(145, 10, 1, 1, '2023-01-10 06:48:14'),
(146, 17, 1, 1, '2023-01-10 06:57:14'),
(147, 17, 1, 2, '2023-01-10 06:58:12'),
(148, 14, 1, 1, '2023-01-10 06:59:29'),
(149, 15, 1, 1, '2023-01-10 07:00:30'),
(150, 16, 1, 1, '2023-01-10 07:00:34'),
(151, 19, 1, 1, '2023-01-10 08:46:05'),
(152, 19, 1, 1, '2023-01-10 08:46:41'),
(153, 19, 1, 2, '2023-01-10 08:47:57'),
(154, 25, 1, 1, '2023-01-10 08:48:42'),
(155, 5, 1, 10, '2023-01-10 09:02:26'),
(156, 18, 1, 1, '2023-01-10 10:11:46'),
(157, 19, 1, 3, '2023-01-10 12:51:55'),
(158, 20, 1, 1, '2023-01-10 12:59:09'),
(159, 21, 1, 1, '2023-01-10 13:08:34'),
(160, 21, 1, 2, '2023-01-10 13:25:44'),
(161, 22, 1, 1, '2023-01-10 13:34:45'),
(162, 23, 1, 1, '2023-01-10 15:35:17'),
(163, 24, 1, 1, '2023-01-10 15:38:59'),
(164, 25, 1, 2, '2023-01-10 15:43:27'),
(165, 26, 1, 1, '2023-01-10 15:48:19'),
(166, 27, 1, 1, '2023-01-10 15:52:17'),
(167, 28, 1, 1, '2023-01-10 15:54:52'),
(168, 29, 1, 1, '2023-01-10 15:57:12'),
(169, 30, 1, 1, '2023-01-10 15:59:20'),
(170, 31, 1, 1, '2023-01-10 16:01:52'),
(171, 32, 1, 1, '2023-01-10 16:05:05'),
(172, 33, 1, 1, '2023-01-10 16:07:02'),
(173, 34, 1, 1, '2023-01-10 16:09:37'),
(174, 35, 1, 1, '2023-01-10 16:12:44'),
(175, 36, 1, 1, '2023-01-10 16:15:00'),
(176, 37, 1, 1, '2023-01-10 16:17:01'),
(177, 38, 1, 1, '2023-01-10 16:19:27'),
(178, 39, 1, 1, '2023-01-10 16:21:24'),
(179, 46, 1, 1, '2023-01-10 16:23:41'),
(180, 40, 1, 1, '2023-01-10 16:25:00'),
(181, 41, 1, 1, '2023-01-10 16:27:59'),
(182, 42, 1, 1, '2023-01-10 16:29:48'),
(183, 43, 1, 1, '2023-01-10 16:31:13'),
(184, 44, 1, 1, '2023-01-10 16:32:50'),
(185, 45, 1, 1, '2023-01-10 16:34:13'),
(186, 5, 1, 11, '2023-01-15 08:15:47'),
(187, 47, 1, 1, '2023-01-15 09:50:26'),
(188, 7, 1, 2, '2023-01-16 09:40:26'),
(189, 5, 1, 12, '2023-01-16 12:13:41'),
(223, 6, 1, 1, '2023-02-11 17:27:43');

-- --------------------------------------------------------

--
-- Table structure for table `quiz_correct`
--

CREATE TABLE `quiz_correct` (
  `quizCorrect_id` int(11) NOT NULL,
  `user_id` int(11) NOT NULL,
  `quiz_id` int(11) NOT NULL,
  `quizItemID` int(11) NOT NULL,
  `points` int(255) NOT NULL,
  `hint_used` int(255) NOT NULL,
  `quiz_attempt` int(255) NOT NULL,
  `date_saved` timestamp NOT NULL DEFAULT current_timestamp() ON UPDATE current_timestamp()
) ENGINE=InnoDB DEFAULT CHARSET=utf8mb4 COLLATE=utf8mb4_general_ci;

--
-- Dumping data for table `quiz_correct`
--

INSERT INTO `quiz_correct` (`quizCorrect_id`, `user_id`, `quiz_id`, `quizItemID`, `points`, `hint_used`, `quiz_attempt`, `date_saved`) VALUES
(182, 3, 1, 4, 2, 1, 2, '2023-01-09 13:30:33'),
(183, 3, 1, 5, 5, 0, 2, '2023-01-09 13:30:57'),
(184, 3, 1, 6, 5, 0, 2, '2023-01-09 13:31:03'),
(185, 3, 1, 7, 5, 0, 2, '2023-01-09 13:31:07'),
(186, 3, 1, 8, 5, 0, 2, '2023-01-09 13:31:12'),
(187, 3, 1, 9, 5, 0, 2, '2023-01-09 13:31:21'),
(188, 3, 1, 10, 5, 0, 2, '2023-01-09 13:31:29'),
(189, 3, 1, 11, 5, 0, 2, '2023-01-09 13:31:41'),
(190, 3, 1, 12, 5, 0, 2, '2023-01-09 13:31:48'),
(191, 3, 1, 13, 5, 0, 2, '2023-01-09 13:32:05'),
(192, 3, 1, 14, 5, 0, 2, '2023-01-09 13:32:18'),
(193, 3, 1, 15, 5, 0, 2, '2023-01-09 13:32:24'),
(194, 4, 1, 1, 5, 0, 1, '2023-01-09 14:35:21'),
(195, 4, 1, 2, 2, 1, 1, '2023-01-09 14:35:52'),
(196, 4, 1, 3, 5, 0, 1, '2023-01-09 14:36:23'),
(197, 4, 1, 4, 2, 1, 1, '2023-01-09 14:36:48'),
(198, 4, 1, 5, 2, 1, 1, '2023-01-09 14:37:18'),
(199, 4, 1, 6, 5, 0, 1, '2023-01-09 14:37:28'),
(200, 4, 1, 7, 5, 0, 1, '2023-01-09 14:37:30'),
(201, 4, 1, 8, 5, 0, 1, '2023-01-09 14:37:39'),
(202, 4, 1, 9, 5, 0, 1, '2023-01-09 14:37:41'),
(203, 4, 1, 10, 5, 0, 1, '2023-01-09 14:37:51'),
(204, 4, 1, 11, 5, 0, 1, '2023-01-09 14:37:54'),
(205, 4, 1, 12, 5, 0, 1, '2023-01-09 14:37:56'),
(206, 4, 1, 13, 5, 0, 1, '2023-01-09 14:38:00'),
(207, 4, 1, 14, 5, 0, 1, '2023-01-09 14:38:02'),
(208, 4, 1, 15, 5, 0, 1, '2023-01-09 14:38:04'),
(209, 4, 1, 1, 5, 0, 2, '2023-01-09 14:38:46'),
(210, 4, 1, 2, 0, 1, 2, '2023-01-09 14:39:26'),
(211, 4, 1, 15, 5, 0, 2, '2023-01-09 14:39:40'),
(212, 4, 1, 1, 5, 0, 3, '2023-01-09 14:40:28'),
(213, 4, 1, 2, 4, 0, 3, '2023-01-09 14:40:35'),
(214, 4, 1, 3, 0, 1, 3, '2023-01-09 14:41:25'),
(215, 4, 1, 1, 3, 0, 4, '2023-01-09 15:38:52'),
(216, 4, 1, 2, 5, 0, 4, '2023-01-09 15:38:54'),
(217, 4, 1, 3, 3, 0, 4, '2023-01-09 15:39:01'),
(218, 4, 1, 1, 0, 0, 5, '2023-01-09 15:41:07'),
(219, 4, 1, 2, 0, 1, 5, '2023-01-09 15:41:27'),
(220, 4, 1, 1, 4, 0, 6, '2023-01-09 15:42:03'),
(221, 4, 1, 1, 5, 0, 8, '2023-01-09 15:42:42'),
(222, 4, 1, 1, 3, 0, 12, '2023-01-09 16:05:21'),
(223, 4, 1, 2, 5, 0, 12, '2023-01-09 16:05:23'),
(224, 5, 1, 1, 5, 0, 6, '2023-01-09 16:25:59'),
(225, 5, 1, 1, 2, 0, 7, '2023-01-09 16:28:41'),
(226, 5, 1, 2, 5, 0, 7, '2023-01-09 16:29:08'),
(227, 5, 1, 3, 5, 0, 7, '2023-01-09 16:29:15'),
(228, 5, 1, 4, 5, 0, 7, '2023-01-09 16:29:18'),
(229, 5, 1, 5, 5, 0, 7, '2023-01-09 16:29:27'),
(230, 5, 1, 6, 5, 0, 7, '2023-01-09 16:29:35'),
(231, 5, 1, 7, 5, 0, 7, '2023-01-09 16:29:37'),
(232, 5, 1, 8, 5, 0, 7, '2023-01-09 16:29:45'),
(233, 5, 1, 9, 5, 0, 7, '2023-01-09 16:29:48'),
(234, 5, 1, 10, 5, 0, 7, '2023-01-09 16:29:56'),
(235, 5, 1, 11, 5, 0, 7, '2023-01-09 16:29:59'),
(236, 5, 1, 12, 5, 0, 7, '2023-01-09 16:30:01'),
(237, 5, 1, 13, 5, 0, 7, '2023-01-09 16:30:04'),
(238, 5, 1, 14, 5, 0, 7, '2023-01-09 16:30:06'),
(239, 5, 1, 15, 2, 1, 7, '2023-01-09 16:30:26'),
(240, 5, 1, 1, 4, 0, 8, '2023-01-09 16:34:25'),
(241, 5, 1, 1, 5, 0, 9, '2023-01-09 16:34:47'),
(242, 5, 1, 15, 5, 0, 9, '2023-01-09 16:35:01'),
(243, 7, 1, 1, 5, 0, 1, '2023-01-10 05:55:42'),
(244, 7, 1, 2, 5, 0, 1, '2023-01-10 05:56:05'),
(245, 7, 1, 3, 5, 0, 1, '2023-01-10 05:56:20'),
(246, 7, 1, 4, 5, 0, 1, '2023-01-10 05:58:27'),
(247, 7, 1, 5, 2, 0, 1, '2023-01-10 06:00:57'),
(248, 7, 1, 6, 5, 0, 1, '2023-01-10 06:01:07'),
(249, 7, 1, 7, 5, 0, 1, '2023-01-10 06:01:54'),
(250, 7, 1, 8, 5, 0, 1, '2023-01-10 06:02:18'),
(251, 7, 1, 9, 5, 0, 1, '2023-01-10 06:03:40'),
(252, 9, 1, 1, 5, 0, 1, '2023-01-10 06:03:46'),
(253, 4, 1, 1, 5, 0, 1, '2023-01-10 06:04:05'),
(254, 7, 1, 10, 5, 0, 1, '2023-01-10 06:04:18'),
(255, 7, 1, 11, 5, 0, 1, '2023-01-10 06:04:42'),
(256, 7, 1, 12, 5, 0, 1, '2023-01-10 06:04:52'),
(257, 7, 1, 13, 5, 0, 1, '2023-01-10 06:05:19'),
(258, 8, 1, 1, 5, 0, 1, '2023-01-10 06:05:30'),
(259, 8, 1, 2, 5, 0, 1, '2023-01-10 06:05:46'),
(260, 8, 1, 3, 5, 0, 1, '2023-01-10 06:05:57'),
(261, 7, 1, 14, 5, 0, 1, '2023-01-10 06:06:04'),
(262, 8, 1, 4, 5, 0, 1, '2023-01-10 06:06:14'),
(263, 7, 1, 15, 5, 0, 1, '2023-01-10 06:06:17'),
(264, 9, 1, 2, 0, 0, 1, '2023-01-10 06:06:49'),
(265, 9, 1, 3, 0, 1, 1, '2023-01-10 06:08:28'),
(266, 9, 1, 4, 0, 1, 1, '2023-01-10 06:09:21'),
(267, 8, 1, 5, 0, 1, 1, '2023-01-10 06:09:30'),
(268, 8, 1, 6, 5, 0, 1, '2023-01-10 06:09:38'),
(269, 9, 1, 5, 2, 0, 1, '2023-01-10 06:09:54'),
(270, 9, 1, 6, 5, 0, 1, '2023-01-10 06:10:05'),
(271, 8, 1, 7, 5, 0, 1, '2023-01-10 06:10:18'),
(272, 9, 1, 7, 5, 0, 1, '2023-01-10 06:10:19'),
(273, 9, 1, 8, 3, 0, 1, '2023-01-10 06:10:49'),
(274, 8, 1, 8, 2, 0, 1, '2023-01-10 06:11:13'),
(275, 9, 1, 9, 2, 0, 1, '2023-01-10 06:11:16'),
(276, 8, 1, 9, 5, 0, 1, '2023-01-10 06:11:33'),
(277, 9, 1, 10, 2, 0, 1, '2023-01-10 06:11:43'),
(278, 8, 1, 10, 5, 0, 1, '2023-01-10 06:11:48'),
(279, 9, 1, 11, 5, 0, 1, '2023-01-10 06:12:01'),
(280, 8, 1, 11, 5, 0, 1, '2023-01-10 06:12:03'),
(281, 8, 1, 12, 5, 0, 1, '2023-01-10 06:12:13'),
(282, 9, 1, 12, 5, 0, 1, '2023-01-10 06:12:14'),
(283, 9, 1, 13, 5, 0, 1, '2023-01-10 06:12:25'),
(284, 8, 1, 13, 3, 0, 1, '2023-01-10 06:12:39'),
(285, 9, 1, 14, 2, 0, 1, '2023-01-10 06:12:52'),
(286, 8, 1, 14, 4, 0, 1, '2023-01-10 06:12:55'),
(287, 9, 1, 15, 5, 0, 1, '2023-01-10 06:13:01'),
(288, 8, 1, 15, 5, 0, 1, '2023-01-10 06:13:02'),
(289, 13, 1, 1, 5, 0, 1, '2023-01-10 06:41:56'),
(290, 13, 1, 2, 5, 0, 1, '2023-01-10 06:42:24'),
(291, 13, 1, 3, 0, 0, 1, '2023-01-10 06:44:44'),
(292, 12, 1, 1, 4, 0, 1, '2023-01-10 06:45:15'),
(293, 13, 1, 4, 4, 0, 1, '2023-01-10 06:45:42'),
(294, 12, 1, 2, 0, 0, 1, '2023-01-10 06:46:15'),
(295, 12, 1, 3, 4, 0, 1, '2023-01-10 06:46:27'),
(296, 13, 1, 5, 3, 0, 1, '2023-01-10 06:46:35'),
(297, 12, 1, 4, 0, 0, 1, '2023-01-10 06:47:06'),
(298, 13, 1, 6, 1, 0, 1, '2023-01-10 06:47:25'),
(299, 13, 1, 7, 4, 0, 1, '2023-01-10 06:47:47'),
(300, 12, 1, 5, 2, 0, 1, '2023-01-10 06:47:53'),
(301, 12, 1, 6, 5, 0, 1, '2023-01-10 06:47:58'),
(302, 13, 1, 8, 1, 0, 1, '2023-01-10 06:48:16'),
(303, 10, 1, 1, 5, 0, 1, '2023-01-10 06:48:21'),
(304, 11, 1, 1, 4, 0, 1, '2023-01-10 06:48:40'),
(305, 10, 1, 2, 5, 0, 1, '2023-01-10 06:48:46'),
(306, 13, 1, 9, 0, 1, 1, '2023-01-10 06:49:02'),
(307, 11, 1, 2, 5, 0, 1, '2023-01-10 06:49:03'),
(308, 10, 1, 3, 5, 0, 1, '2023-01-10 06:49:23'),
(309, 11, 1, 3, 5, 0, 1, '2023-01-10 06:49:27'),
(310, 13, 1, 10, 4, 0, 1, '2023-01-10 06:49:33'),
(311, 10, 1, 4, 5, 0, 1, '2023-01-10 06:49:34'),
(312, 12, 1, 7, 0, 0, 1, '2023-01-10 06:49:36'),
(313, 11, 1, 4, 5, 0, 1, '2023-01-10 06:49:38'),
(314, 10, 1, 5, 5, 0, 1, '2023-01-10 06:49:49'),
(315, 11, 1, 5, 5, 0, 1, '2023-01-10 06:49:53'),
(316, 13, 1, 11, 2, 0, 1, '2023-01-10 06:49:57'),
(317, 13, 1, 12, 5, 0, 1, '2023-01-10 06:50:04'),
(318, 12, 1, 8, 3, 0, 1, '2023-01-10 06:50:08'),
(319, 13, 1, 13, 5, 0, 1, '2023-01-10 06:50:13'),
(320, 12, 1, 9, 5, 0, 1, '2023-01-10 06:50:15'),
(321, 10, 1, 6, 5, 0, 1, '2023-01-10 06:50:19'),
(322, 12, 1, 10, 5, 0, 1, '2023-01-10 06:50:21'),
(323, 11, 1, 6, 5, 0, 1, '2023-01-10 06:50:28'),
(324, 12, 1, 11, 5, 0, 1, '2023-01-10 06:50:32'),
(325, 12, 1, 12, 5, 0, 1, '2023-01-10 06:50:37'),
(326, 12, 1, 13, 3, 0, 1, '2023-01-10 06:51:07'),
(327, 12, 1, 14, 5, 0, 1, '2023-01-10 06:51:13'),
(328, 10, 1, 7, 5, 0, 1, '2023-01-10 06:51:17'),
(329, 11, 1, 7, 5, 0, 1, '2023-01-10 06:51:21'),
(330, 12, 1, 15, 5, 0, 1, '2023-01-10 06:51:34'),
(331, 13, 1, 14, 0, 1, 1, '2023-01-10 06:51:42'),
(332, 13, 1, 15, 4, 0, 1, '2023-01-10 06:52:00'),
(333, 10, 1, 8, 5, 0, 1, '2023-01-10 06:52:02'),
(334, 11, 1, 8, 5, 0, 1, '2023-01-10 06:52:11'),
(335, 11, 1, 9, 3, 0, 1, '2023-01-10 06:52:40'),
(336, 11, 1, 10, 5, 0, 1, '2023-01-10 06:53:12'),
(337, 11, 1, 10, 5, 0, 1, '2023-01-10 06:55:24'),
(338, 10, 1, 9, 5, 0, 1, '2023-01-10 06:55:48'),
(339, 11, 1, 11, 5, 0, 1, '2023-01-10 06:55:54'),
(340, 10, 1, 10, 5, 0, 1, '2023-01-10 06:55:59'),
(341, 11, 1, 12, 5, 0, 1, '2023-01-10 06:56:01'),
(342, 11, 1, 13, 3, 0, 1, '2023-01-10 06:56:25'),
(343, 11, 1, 14, 4, 0, 1, '2023-01-10 06:56:41'),
(344, 11, 1, 15, 5, 0, 1, '2023-01-10 06:56:59'),
(345, 10, 1, 11, 0, 0, 1, '2023-01-10 06:59:19'),
(346, 17, 1, 1, 5, 0, 2, '2023-01-10 06:59:34'),
(347, 10, 1, 12, 5, 0, 1, '2023-01-10 06:59:36'),
(348, 14, 1, 1, 5, 0, 1, '2023-01-10 06:59:36'),
(349, 10, 1, 13, 5, 0, 1, '2023-01-10 06:59:47'),
(350, 17, 1, 2, 5, 0, 2, '2023-01-10 06:59:52'),
(351, 17, 1, 3, 5, 0, 2, '2023-01-10 07:00:20'),
(352, 17, 1, 4, 5, 0, 2, '2023-01-10 07:00:30'),
(353, 17, 1, 5, 5, 0, 2, '2023-01-10 07:00:43'),
(354, 15, 1, 1, 5, 0, 1, '2023-01-10 07:00:47'),
(355, 16, 1, 1, 5, 0, 1, '2023-01-10 07:00:48'),
(356, 17, 1, 6, 5, 0, 2, '2023-01-10 07:00:50'),
(357, 10, 1, 14, 0, 1, 1, '2023-01-10 07:00:58'),
(358, 17, 1, 7, 5, 0, 2, '2023-01-10 07:01:08'),
(359, 16, 1, 2, 5, 0, 1, '2023-01-10 07:01:14'),
(360, 15, 1, 2, 5, 0, 1, '2023-01-10 07:01:16'),
(361, 10, 1, 15, 5, 0, 1, '2023-01-10 07:01:16'),
(362, 14, 1, 2, 1, 0, 1, '2023-01-10 07:01:21'),
(363, 17, 1, 8, 3, 0, 2, '2023-01-10 07:01:32'),
(364, 14, 1, 3, 5, 0, 1, '2023-01-10 07:01:38'),
(365, 14, 1, 4, 5, 0, 1, '2023-01-10 07:01:48'),
(366, 15, 1, 3, 5, 0, 1, '2023-01-10 07:01:52'),
(367, 14, 1, 5, 5, 0, 1, '2023-01-10 07:02:05'),
(368, 17, 1, 9, 0, 0, 2, '2023-01-10 07:02:08'),
(369, 14, 1, 6, 5, 0, 1, '2023-01-10 07:02:12'),
(370, 15, 1, 4, 5, 0, 1, '2023-01-10 07:02:18'),
(371, 14, 1, 7, 5, 0, 1, '2023-01-10 07:02:24'),
(372, 15, 1, 5, 5, 0, 1, '2023-01-10 07:02:27'),
(373, 14, 1, 8, 5, 0, 1, '2023-01-10 07:02:41'),
(374, 17, 1, 10, 1, 0, 2, '2023-01-10 07:02:43'),
(375, 14, 1, 9, 5, 0, 1, '2023-01-10 07:02:50'),
(376, 17, 1, 11, 5, 0, 2, '2023-01-10 07:02:53'),
(377, 14, 1, 10, 5, 0, 1, '2023-01-10 07:03:00'),
(378, 17, 1, 12, 5, 0, 2, '2023-01-10 07:03:04'),
(379, 14, 1, 11, 5, 0, 1, '2023-01-10 07:03:09'),
(380, 17, 1, 13, 5, 0, 2, '2023-01-10 07:03:12'),
(381, 14, 1, 12, 5, 0, 1, '2023-01-10 07:03:16'),
(382, 15, 1, 6, 5, 0, 1, '2023-01-10 07:03:18'),
(383, 14, 1, 13, 5, 0, 1, '2023-01-10 07:03:20'),
(384, 14, 1, 14, 5, 0, 1, '2023-01-10 07:03:27'),
(385, 14, 1, 15, 5, 0, 1, '2023-01-10 07:03:30'),
(386, 16, 1, 3, 4, 0, 1, '2023-01-10 07:03:40'),
(387, 17, 1, 14, 5, 0, 2, '2023-01-10 07:03:54'),
(388, 15, 1, 7, 5, 0, 1, '2023-01-10 07:03:58'),
(389, 16, 1, 4, 5, 0, 1, '2023-01-10 07:04:04'),
(390, 17, 1, 15, 5, 0, 2, '2023-01-10 07:04:14'),
(391, 16, 1, 5, 5, 0, 1, '2023-01-10 07:04:57'),
(392, 15, 1, 8, 5, 0, 1, '2023-01-10 07:05:00'),
(393, 16, 1, 6, 5, 0, 1, '2023-01-10 07:05:07'),
(394, 16, 1, 7, 5, 0, 1, '2023-01-10 07:05:19'),
(395, 16, 1, 8, 3, 0, 1, '2023-01-10 07:06:11'),
(396, 15, 1, 9, 0, 0, 1, '2023-01-10 07:06:34'),
(397, 16, 1, 9, 5, 0, 1, '2023-01-10 07:06:41'),
(398, 15, 1, 10, 5, 0, 1, '2023-01-10 07:07:59'),
(399, 15, 1, 11, 5, 0, 1, '2023-01-10 07:08:13'),
(400, 15, 1, 12, 5, 0, 1, '2023-01-10 07:09:20'),
(401, 15, 1, 13, 5, 0, 1, '2023-01-10 07:09:27'),
(402, 15, 1, 14, 4, 0, 1, '2023-01-10 07:09:41'),
(403, 16, 1, 10, 0, 1, 1, '2023-01-10 07:09:52'),
(404, 15, 1, 15, 5, 0, 1, '2023-01-10 07:09:57'),
(405, 16, 1, 11, 5, 0, 1, '2023-01-10 07:10:01'),
(406, 16, 1, 12, 5, 0, 1, '2023-01-10 07:10:09'),
(407, 16, 1, 13, 5, 0, 1, '2023-01-10 07:10:40'),
(408, 16, 1, 14, 5, 0, 1, '2023-01-10 07:11:10'),
(409, 16, 1, 15, 5, 0, 1, '2023-01-10 07:11:28'),
(410, 19, 1, 1, 5, 0, 1, '2023-01-10 08:46:10'),
(411, 19, 1, 1, 5, 0, 2, '2023-01-10 08:47:58'),
(412, 19, 1, 2, 5, 0, 2, '2023-01-10 08:48:26'),
(413, 19, 1, 3, 5, 0, 2, '2023-01-10 08:49:02'),
(414, 19, 1, 4, 5, 0, 2, '2023-01-10 08:49:26'),
(415, 25, 1, 1, 4, 0, 1, '2023-01-10 08:49:29'),
(416, 19, 1, 5, 5, 0, 2, '2023-01-10 08:49:45'),
(417, 25, 1, 2, 3, 0, 1, '2023-01-10 08:49:50'),
(418, 25, 1, 3, 5, 0, 1, '2023-01-10 08:50:03'),
(419, 19, 1, 6, 5, 0, 2, '2023-01-10 08:50:34'),
(420, 25, 1, 4, 4, 0, 1, '2023-01-10 08:50:42'),
(421, 25, 1, 5, 5, 0, 1, '2023-01-10 08:50:55'),
(422, 25, 1, 6, 5, 0, 1, '2023-01-10 08:52:40'),
(423, 25, 1, 7, 5, 0, 1, '2023-01-10 08:53:04'),
(424, 25, 1, 8, 5, 0, 1, '2023-01-10 08:53:29'),
(425, 25, 1, 9, 4, 0, 1, '2023-01-10 08:54:13'),
(426, 25, 1, 10, 5, 0, 1, '2023-01-10 08:55:00'),
(427, 25, 1, 11, 1, 0, 1, '2023-01-10 08:55:44'),
(428, 25, 1, 12, 3, 0, 1, '2023-01-10 08:56:09'),
(429, 25, 1, 13, 2, 0, 1, '2023-01-10 08:56:44'),
(430, 25, 1, 14, 2, 0, 1, '2023-01-10 08:57:06'),
(431, 25, 1, 15, 5, 0, 1, '2023-01-10 08:57:20'),
(432, 5, 1, 1, 4, 0, 10, '2023-01-10 09:03:27'),
(433, 5, 1, 2, 5, 0, 10, '2023-01-10 09:03:40'),
(434, 5, 1, 3, 5, 0, 10, '2023-01-10 09:03:46'),
(435, 5, 1, 4, 2, 1, 10, '2023-01-10 09:04:41'),
(436, 5, 1, 5, 5, 0, 10, '2023-01-10 09:05:01'),
(437, 5, 1, 15, 4, 0, 10, '2023-01-10 09:05:15'),
(438, 19, 1, 7, 5, 0, 2, '2023-01-10 09:05:48'),
(439, 19, 1, 8, 5, 0, 2, '2023-01-10 09:06:19'),
(440, 19, 1, 9, 5, 0, 2, '2023-01-10 09:06:46'),
(441, 19, 1, 10, 5, 0, 2, '2023-01-10 09:07:13'),
(442, 19, 1, 11, 1, 0, 2, '2023-01-10 09:08:51'),
(443, 19, 1, 12, 4, 0, 2, '2023-01-10 09:09:19'),
(444, 19, 1, 13, 5, 0, 2, '2023-01-10 09:09:23'),
(445, 19, 1, 14, 3, 0, 2, '2023-01-10 09:10:22'),
(446, 19, 1, 15, 0, 1, 2, '2023-01-10 09:12:06'),
(447, 18, 1, 1, 5, 0, 1, '2023-01-10 10:11:52'),
(448, 18, 1, 2, 5, 0, 1, '2023-01-10 10:12:10'),
(449, 18, 1, 3, 5, 0, 1, '2023-01-10 10:12:22'),
(450, 18, 1, 4, 5, 0, 1, '2023-01-10 10:12:30'),
(451, 18, 1, 5, 5, 0, 1, '2023-01-10 10:12:39'),
(452, 18, 1, 6, 5, 0, 1, '2023-01-10 10:12:47'),
(453, 18, 1, 7, 0, 1, 1, '2023-01-10 10:14:51'),
(454, 18, 1, 8, 4, 0, 1, '2023-01-10 10:15:07'),
(455, 18, 1, 9, 0, 0, 1, '2023-01-10 10:16:29'),
(456, 18, 1, 10, 5, 0, 1, '2023-01-10 10:17:47'),
(457, 18, 1, 11, 5, 0, 1, '2023-01-10 10:17:59'),
(458, 18, 1, 12, 5, 0, 1, '2023-01-10 10:18:33'),
(459, 18, 1, 13, 5, 0, 1, '2023-01-10 10:18:55'),
(460, 18, 1, 14, 1, 0, 1, '2023-01-10 10:19:17'),
(461, 18, 1, 15, 5, 0, 1, '2023-01-10 10:19:23'),
(462, 19, 1, 1, 5, 0, 3, '2023-01-10 12:52:02'),
(463, 19, 1, 2, 5, 0, 3, '2023-01-10 12:52:14'),
(464, 19, 1, 3, 0, 1, 3, '2023-01-10 12:53:05'),
(465, 19, 1, 4, 4, 0, 3, '2023-01-10 12:53:23'),
(466, 19, 1, 5, 5, 0, 3, '2023-01-10 12:53:45'),
(467, 19, 1, 6, 5, 0, 3, '2023-01-10 12:53:54'),
(468, 19, 1, 7, 5, 0, 3, '2023-01-10 12:54:05'),
(469, 19, 1, 8, 2, 1, 3, '2023-01-10 12:54:58'),
(470, 19, 1, 9, 5, 0, 3, '2023-01-10 12:55:12'),
(471, 19, 1, 10, 2, 0, 3, '2023-01-10 12:55:44'),
(472, 19, 1, 11, 5, 0, 3, '2023-01-10 12:55:55'),
(473, 19, 1, 12, 5, 0, 3, '2023-01-10 12:56:13'),
(474, 19, 1, 13, 5, 0, 3, '2023-01-10 12:56:23'),
(475, 19, 1, 14, 5, 0, 3, '2023-01-10 12:56:54'),
(476, 19, 1, 15, 5, 0, 3, '2023-01-10 12:56:58'),
(477, 20, 1, 1, 5, 0, 1, '2023-01-10 12:59:25'),
(478, 20, 1, 2, 1, 1, 1, '2023-01-10 13:00:28'),
(479, 20, 1, 3, 3, 0, 1, '2023-01-10 13:00:50'),
(480, 20, 1, 4, 4, 0, 1, '2023-01-10 13:01:03'),
(481, 20, 1, 5, 2, 0, 1, '2023-01-10 13:01:28'),
(482, 20, 1, 6, 5, 0, 1, '2023-01-10 13:01:32'),
(483, 20, 1, 7, 4, 0, 1, '2023-01-10 13:02:52'),
(484, 20, 1, 8, 5, 0, 1, '2023-01-10 13:03:07'),
(485, 20, 1, 9, 4, 0, 1, '2023-01-10 13:05:42'),
(486, 20, 1, 10, 4, 0, 1, '2023-01-10 13:05:56'),
(487, 20, 1, 11, 5, 0, 1, '2023-01-10 13:06:09'),
(488, 20, 1, 12, 5, 0, 1, '2023-01-10 13:07:16'),
(489, 20, 1, 13, 5, 0, 1, '2023-01-10 13:07:20'),
(490, 20, 1, 14, 5, 0, 1, '2023-01-10 13:07:28'),
(491, 20, 1, 15, 5, 0, 1, '2023-01-10 13:07:31'),
(492, 21, 1, 1, 5, 0, 1, '2023-01-10 13:08:49'),
(493, 21, 1, 2, 5, 0, 1, '2023-01-10 13:23:35'),
(494, 21, 1, 1, 5, 0, 2, '2023-01-10 13:25:52'),
(495, 21, 1, 2, 3, 0, 2, '2023-01-10 13:26:19'),
(496, 21, 1, 3, 4, 0, 2, '2023-01-10 13:26:36'),
(497, 21, 1, 4, 4, 0, 2, '2023-01-10 13:27:18'),
(498, 21, 1, 5, 3, 0, 2, '2023-01-10 13:27:34'),
(499, 21, 1, 6, 5, 0, 2, '2023-01-10 13:27:39'),
(500, 21, 1, 7, 3, 0, 2, '2023-01-10 13:28:15'),
(501, 21, 1, 8, 5, 0, 2, '2023-01-10 13:28:25'),
(502, 21, 1, 9, 5, 0, 2, '2023-01-10 13:28:33'),
(503, 21, 1, 10, 5, 0, 2, '2023-01-10 13:28:37'),
(504, 21, 1, 11, 5, 0, 2, '2023-01-10 13:28:43'),
(505, 21, 1, 12, 5, 0, 2, '2023-01-10 13:28:47'),
(506, 21, 1, 13, 5, 0, 2, '2023-01-10 13:28:50'),
(507, 21, 1, 14, 5, 0, 2, '2023-01-10 13:28:54'),
(508, 21, 1, 15, 5, 0, 2, '2023-01-10 13:28:58'),
(509, 22, 1, 1, 5, 0, 1, '2023-01-10 13:34:50'),
(510, 22, 1, 2, 3, 0, 1, '2023-01-10 13:35:36'),
(511, 22, 1, 3, 0, 1, 1, '2023-01-10 13:36:47'),
(512, 22, 1, 4, 4, 0, 1, '2023-01-10 13:36:57'),
(513, 22, 1, 5, 4, 0, 1, '2023-01-10 13:37:08'),
(514, 22, 1, 6, 5, 0, 1, '2023-01-10 13:37:12'),
(515, 22, 1, 7, 3, 0, 1, '2023-01-10 13:37:22'),
(516, 22, 1, 8, 5, 0, 1, '2023-01-10 13:37:32'),
(517, 22, 1, 9, 3, 0, 1, '2023-01-10 13:37:55'),
(518, 22, 1, 10, 5, 0, 1, '2023-01-10 13:38:00'),
(519, 22, 1, 11, 3, 0, 1, '2023-01-10 13:38:15'),
(520, 22, 1, 12, 5, 0, 1, '2023-01-10 13:38:23'),
(521, 22, 1, 13, 5, 0, 1, '2023-01-10 13:38:30'),
(522, 22, 1, 14, 2, 1, 1, '2023-01-10 13:38:46'),
(523, 22, 1, 15, 4, 0, 1, '2023-01-10 13:38:53'),
(524, 23, 1, 1, 5, 0, 1, '2023-01-10 15:35:20'),
(525, 23, 1, 2, 5, 0, 1, '2023-01-10 15:35:25'),
(526, 23, 1, 3, 3, 0, 1, '2023-01-10 15:35:34'),
(527, 23, 1, 4, 5, 0, 1, '2023-01-10 15:35:41'),
(528, 23, 1, 5, 4, 0, 1, '2023-01-10 15:35:56'),
(529, 23, 1, 6, 5, 0, 1, '2023-01-10 15:36:03'),
(530, 23, 1, 7, 5, 0, 1, '2023-01-10 15:36:10'),
(531, 23, 1, 8, 5, 0, 1, '2023-01-10 15:36:16'),
(532, 23, 1, 9, 2, 1, 1, '2023-01-10 15:36:41'),
(533, 23, 1, 10, 5, 0, 1, '2023-01-10 15:36:51'),
(534, 23, 1, 11, 3, 0, 1, '2023-01-10 15:37:00'),
(535, 23, 1, 12, 5, 0, 1, '2023-01-10 15:37:07'),
(536, 23, 1, 13, 5, 0, 1, '2023-01-10 15:37:10'),
(537, 23, 1, 14, 2, 1, 1, '2023-01-10 15:37:37'),
(538, 23, 1, 15, 2, 0, 1, '2023-01-10 15:38:07'),
(539, 24, 1, 1, 2, 0, 1, '2023-01-10 15:39:24'),
(540, 24, 1, 2, 5, 0, 1, '2023-01-10 15:39:27'),
(541, 24, 1, 3, 4, 0, 1, '2023-01-10 15:39:34'),
(542, 24, 1, 4, 0, 1, 1, '2023-01-10 15:39:59'),
(543, 24, 1, 5, 0, 1, 1, '2023-01-10 15:40:24'),
(544, 24, 1, 6, 0, 1, 1, '2023-01-10 15:40:56'),
(545, 24, 1, 7, 4, 0, 1, '2023-01-10 15:41:09'),
(546, 24, 1, 8, 5, 0, 1, '2023-01-10 15:41:15'),
(547, 24, 1, 9, 3, 0, 1, '2023-01-10 15:41:31'),
(548, 24, 1, 10, 5, 0, 1, '2023-01-10 15:41:36'),
(549, 24, 1, 11, 5, 0, 1, '2023-01-10 15:41:46'),
(550, 24, 1, 12, 5, 0, 1, '2023-01-10 15:41:49'),
(551, 24, 1, 13, 5, 0, 1, '2023-01-10 15:41:53'),
(552, 24, 1, 14, 3, 0, 1, '2023-01-10 15:42:01'),
(553, 24, 1, 15, 2, 1, 1, '2023-01-10 15:42:22'),
(554, 25, 1, 1, 3, 0, 2, '2023-01-10 15:43:40'),
(555, 25, 1, 2, 5, 0, 2, '2023-01-10 15:43:44'),
(556, 25, 1, 3, 1, 1, 2, '2023-01-10 15:44:28'),
(557, 25, 1, 4, 4, 0, 2, '2023-01-10 15:44:34'),
(558, 25, 1, 5, 5, 0, 2, '2023-01-10 15:44:41'),
(559, 25, 1, 6, 1, 1, 2, '2023-01-10 15:45:04'),
(560, 25, 1, 7, 1, 1, 2, '2023-01-10 15:45:21'),
(561, 25, 1, 8, 2, 1, 2, '2023-01-10 15:45:39'),
(562, 25, 1, 9, 4, 0, 2, '2023-01-10 15:45:50'),
(563, 25, 1, 10, 2, 1, 2, '2023-01-10 15:46:09'),
(564, 25, 1, 11, 3, 0, 2, '2023-01-10 15:46:17'),
(565, 25, 1, 12, 2, 1, 2, '2023-01-10 15:46:35'),
(566, 25, 1, 13, 2, 1, 2, '2023-01-10 15:46:54'),
(567, 25, 1, 14, 3, 0, 2, '2023-01-10 15:47:08'),
(568, 25, 1, 15, 2, 1, 2, '2023-01-10 15:47:41'),
(569, 26, 1, 1, 5, 0, 1, '2023-01-10 15:48:47'),
(570, 26, 1, 2, 5, 0, 1, '2023-01-10 15:48:55'),
(571, 26, 1, 3, 5, 0, 1, '2023-01-10 15:49:02'),
(572, 26, 1, 4, 4, 0, 1, '2023-01-10 15:49:10'),
(573, 26, 1, 5, 4, 0, 1, '2023-01-10 15:49:22'),
(574, 26, 1, 6, 5, 0, 1, '2023-01-10 15:49:25'),
(575, 26, 1, 7, 5, 0, 1, '2023-01-10 15:49:34'),
(576, 26, 1, 8, 5, 0, 1, '2023-01-10 15:49:37'),
(577, 26, 1, 9, 4, 0, 1, '2023-01-10 15:49:47'),
(578, 26, 1, 10, 5, 0, 1, '2023-01-10 15:49:51'),
(579, 26, 1, 11, 2, 1, 1, '2023-01-10 15:50:08'),
(580, 26, 1, 12, 2, 1, 1, '2023-01-10 15:50:22'),
(581, 26, 1, 13, 5, 0, 1, '2023-01-10 15:50:25'),
(582, 26, 1, 14, 5, 0, 1, '2023-01-10 15:50:31'),
(583, 26, 1, 15, 5, 0, 1, '2023-01-10 15:50:36'),
(584, 27, 1, 1, 5, 0, 1, '2023-01-10 15:52:23'),
(585, 27, 1, 2, 2, 0, 1, '2023-01-10 15:52:49'),
(586, 27, 1, 3, 3, 0, 1, '2023-01-10 15:52:58'),
(587, 27, 1, 4, 5, 0, 1, '2023-01-10 15:53:01'),
(588, 27, 1, 5, 5, 0, 1, '2023-01-10 15:53:06'),
(589, 27, 1, 6, 5, 0, 1, '2023-01-10 15:53:08'),
(590, 27, 1, 7, 2, 1, 1, '2023-01-10 15:53:18'),
(591, 27, 1, 8, 5, 0, 1, '2023-01-10 15:53:21'),
(592, 27, 1, 9, 5, 0, 1, '2023-01-10 15:53:24'),
(593, 27, 1, 10, 5, 0, 1, '2023-01-10 15:53:26'),
(594, 27, 1, 11, 5, 0, 1, '2023-01-10 15:53:29'),
(595, 27, 1, 12, 1, 1, 1, '2023-01-10 15:53:42'),
(596, 27, 1, 13, 4, 0, 1, '2023-01-10 15:53:47'),
(597, 27, 1, 14, 2, 1, 1, '2023-01-10 15:53:58'),
(598, 27, 1, 15, 5, 0, 1, '2023-01-10 15:54:02'),
(599, 28, 1, 1, 5, 0, 1, '2023-01-10 15:54:55'),
(600, 28, 1, 2, 4, 0, 1, '2023-01-10 15:55:03'),
(601, 28, 1, 3, 5, 0, 1, '2023-01-10 15:55:08'),
(602, 28, 1, 4, 5, 0, 1, '2023-01-10 15:55:12'),
(603, 28, 1, 5, 0, 1, 1, '2023-01-10 15:55:40'),
(604, 28, 1, 6, 5, 0, 1, '2023-01-10 15:55:44'),
(605, 28, 1, 7, 5, 0, 1, '2023-01-10 15:55:46'),
(606, 28, 1, 8, 5, 0, 1, '2023-01-10 15:55:48'),
(607, 28, 1, 9, 5, 0, 1, '2023-01-10 15:55:50'),
(608, 28, 1, 10, 5, 0, 1, '2023-01-10 15:55:57'),
(609, 28, 1, 11, 5, 0, 1, '2023-01-10 15:56:00'),
(610, 28, 1, 12, 5, 0, 1, '2023-01-10 15:56:03'),
(611, 28, 1, 13, 5, 0, 1, '2023-01-10 15:56:05'),
(612, 28, 1, 14, 2, 1, 1, '2023-01-10 15:56:30'),
(613, 28, 1, 15, 3, 0, 1, '2023-01-10 15:56:38'),
(614, 29, 1, 1, 5, 0, 1, '2023-01-10 15:57:26'),
(615, 29, 1, 2, 4, 0, 1, '2023-01-10 15:57:32'),
(616, 29, 1, 3, 4, 0, 1, '2023-01-10 15:57:39'),
(617, 29, 1, 4, 3, 0, 1, '2023-01-10 15:57:48'),
(618, 29, 1, 5, 5, 0, 1, '2023-01-10 15:57:53'),
(619, 29, 1, 6, 5, 0, 1, '2023-01-10 15:57:57'),
(620, 29, 1, 7, 5, 0, 1, '2023-01-10 15:57:59'),
(621, 29, 1, 8, 5, 0, 1, '2023-01-10 15:58:01'),
(622, 29, 1, 9, 5, 0, 1, '2023-01-10 15:58:04'),
(623, 29, 1, 10, 5, 0, 1, '2023-01-10 15:58:06'),
(624, 29, 1, 11, 5, 0, 1, '2023-01-10 15:58:09'),
(625, 29, 1, 12, 5, 0, 1, '2023-01-10 15:58:11'),
(626, 29, 1, 13, 5, 0, 1, '2023-01-10 15:58:13'),
(627, 29, 1, 14, 5, 0, 1, '2023-01-10 15:58:16'),
(628, 29, 1, 15, 5, 0, 1, '2023-01-10 15:58:18'),
(629, 30, 1, 1, 2, 0, 1, '2023-01-10 15:59:45'),
(630, 30, 1, 2, 3, 0, 1, '2023-01-10 15:59:52'),
(631, 30, 1, 3, 2, 0, 1, '2023-01-10 16:00:02'),
(632, 30, 1, 4, 2, 1, 1, '2023-01-10 16:00:11'),
(633, 30, 1, 5, 2, 1, 1, '2023-01-10 16:00:19'),
(634, 30, 1, 6, 3, 0, 1, '2023-01-10 16:00:24'),
(635, 30, 1, 7, 4, 0, 1, '2023-01-10 16:00:27'),
(636, 30, 1, 8, 5, 0, 1, '2023-01-10 16:00:28'),
(637, 30, 1, 9, 3, 0, 1, '2023-01-10 16:00:32'),
(638, 30, 1, 10, 1, 1, 1, '2023-01-10 16:00:43'),
(639, 30, 1, 11, 2, 0, 1, '2023-01-10 16:00:49'),
(640, 30, 1, 12, 2, 0, 1, '2023-01-10 16:00:54'),
(641, 30, 1, 13, 5, 0, 1, '2023-01-10 16:00:57'),
(642, 30, 1, 14, 2, 1, 1, '2023-01-10 16:01:05'),
(643, 30, 1, 15, 3, 0, 1, '2023-01-10 16:01:16'),
(644, 31, 1, 1, 1, 0, 1, '2023-01-10 16:02:41'),
(645, 31, 1, 2, 5, 0, 1, '2023-01-10 16:02:44'),
(646, 31, 1, 3, 0, 1, 1, '2023-01-10 16:02:57'),
(647, 31, 1, 4, 0, 1, 1, '2023-01-10 16:03:11'),
(648, 31, 1, 5, 3, 0, 1, '2023-01-10 16:03:16'),
(649, 31, 1, 6, 5, 0, 1, '2023-01-10 16:03:19'),
(650, 31, 1, 7, 5, 0, 1, '2023-01-10 16:03:22'),
(651, 31, 1, 8, 5, 0, 1, '2023-01-10 16:03:24'),
(652, 31, 1, 9, 5, 0, 1, '2023-01-10 16:03:26'),
(653, 31, 1, 10, 5, 0, 1, '2023-01-10 16:03:28'),
(654, 31, 1, 11, 5, 0, 1, '2023-01-10 16:03:30'),
(655, 31, 1, 12, 4, 0, 1, '2023-01-10 16:03:34'),
(656, 31, 1, 13, 5, 0, 1, '2023-01-10 16:03:36'),
(657, 31, 1, 14, 5, 0, 1, '2023-01-10 16:03:40'),
(658, 31, 1, 15, 5, 0, 1, '2023-01-10 16:03:44'),
(659, 32, 1, 1, 5, 0, 1, '2023-01-10 16:05:09'),
(660, 32, 1, 2, 2, 0, 1, '2023-01-10 16:05:16'),
(661, 32, 1, 3, 2, 1, 1, '2023-01-10 16:05:29'),
(662, 32, 1, 4, 5, 0, 1, '2023-01-10 16:05:32'),
(663, 32, 1, 5, 3, 0, 1, '2023-01-10 16:05:41'),
(664, 32, 1, 6, 5, 0, 1, '2023-01-10 16:05:44'),
(665, 32, 1, 7, 3, 0, 1, '2023-01-10 16:05:51'),
(666, 32, 1, 8, 5, 0, 1, '2023-01-10 16:05:53'),
(667, 32, 1, 9, 5, 0, 1, '2023-01-10 16:05:55'),
(668, 32, 1, 10, 5, 0, 1, '2023-01-10 16:05:58'),
(669, 32, 1, 11, 2, 0, 1, '2023-01-10 16:06:04'),
(670, 32, 1, 12, 5, 0, 1, '2023-01-10 16:06:07'),
(671, 32, 1, 13, 5, 0, 1, '2023-01-10 16:06:09'),
(672, 32, 1, 14, 3, 0, 1, '2023-01-10 16:06:15'),
(673, 32, 1, 15, 5, 0, 1, '2023-01-10 16:06:18'),
(674, 33, 1, 1, 5, 0, 1, '2023-01-10 16:07:04'),
(675, 33, 1, 2, 4, 0, 1, '2023-01-10 16:07:11'),
(676, 33, 1, 3, 4, 0, 1, '2023-01-10 16:07:18'),
(677, 33, 1, 4, 4, 0, 1, '2023-01-10 16:07:22'),
(678, 33, 1, 5, 2, 1, 1, '2023-01-10 16:07:30'),
(679, 33, 1, 6, 2, 1, 1, '2023-01-10 16:07:39'),
(680, 33, 1, 7, 2, 1, 1, '2023-01-10 16:07:50'),
(681, 33, 1, 8, 4, 0, 1, '2023-01-10 16:07:53'),
(682, 33, 1, 9, 2, 1, 1, '2023-01-10 16:08:02'),
(683, 33, 1, 10, 2, 1, 1, '2023-01-10 16:08:10'),
(684, 33, 1, 11, 2, 1, 1, '2023-01-10 16:08:19'),
(685, 33, 1, 12, 2, 1, 1, '2023-01-10 16:08:28'),
(686, 33, 1, 13, 2, 1, 1, '2023-01-10 16:08:37'),
(687, 33, 1, 14, 2, 1, 1, '2023-01-10 16:08:45'),
(688, 33, 1, 15, 2, 0, 1, '2023-01-10 16:09:06'),
(689, 34, 1, 1, 2, 0, 1, '2023-01-10 16:10:12'),
(690, 34, 1, 2, 5, 0, 1, '2023-01-10 16:10:14'),
(691, 34, 1, 3, 0, 1, 1, '2023-01-10 16:10:35'),
(692, 34, 1, 4, 5, 0, 1, '2023-01-10 16:10:39'),
(693, 34, 1, 5, 2, 1, 1, '2023-01-10 16:10:47'),
(694, 34, 1, 6, 4, 0, 1, '2023-01-10 16:10:51'),
(695, 34, 1, 7, 0, 1, 1, '2023-01-10 16:11:04'),
(696, 34, 1, 8, 1, 0, 1, '2023-01-10 16:11:14'),
(697, 34, 1, 9, 2, 0, 1, '2023-01-10 16:11:24'),
(698, 34, 1, 10, 3, 0, 1, '2023-01-10 16:11:29'),
(699, 34, 1, 11, 3, 0, 1, '2023-01-10 16:11:32'),
(700, 34, 1, 12, 3, 0, 1, '2023-01-10 16:11:35'),
(701, 34, 1, 13, 4, 0, 1, '2023-01-10 16:11:40'),
(702, 34, 1, 14, 1, 0, 1, '2023-01-10 16:11:51'),
(703, 34, 1, 15, 1, 0, 1, '2023-01-10 16:12:11'),
(704, 35, 1, 1, 5, 0, 1, '2023-01-10 16:12:57'),
(705, 35, 1, 2, 0, 0, 1, '2023-01-10 16:13:10'),
(706, 35, 1, 3, 0, 1, 1, '2023-01-10 16:13:25'),
(707, 35, 1, 4, 5, 0, 1, '2023-01-10 16:13:27'),
(708, 35, 1, 5, 3, 0, 1, '2023-01-10 16:13:32'),
(709, 35, 1, 6, 5, 0, 1, '2023-01-10 16:13:34'),
(710, 35, 1, 7, 5, 0, 1, '2023-01-10 16:13:36'),
(711, 35, 1, 8, 5, 0, 1, '2023-01-10 16:13:39'),
(712, 35, 1, 9, 5, 0, 1, '2023-01-10 16:13:41'),
(713, 35, 1, 10, 5, 0, 1, '2023-01-10 16:13:43'),
(714, 35, 1, 11, 5, 0, 1, '2023-01-10 16:13:45'),
(715, 35, 1, 12, 5, 0, 1, '2023-01-10 16:13:48'),
(716, 35, 1, 13, 5, 0, 1, '2023-01-10 16:13:49'),
(717, 35, 1, 14, 0, 1, 1, '2023-01-10 16:14:01'),
(718, 35, 1, 15, 3, 0, 1, '2023-01-10 16:14:11'),
(719, 36, 1, 1, 5, 0, 1, '2023-01-10 16:15:06'),
(720, 36, 1, 2, 3, 0, 1, '2023-01-10 16:15:11'),
(721, 36, 1, 3, 2, 0, 1, '2023-01-10 16:15:18'),
(722, 36, 1, 4, 2, 1, 1, '2023-01-10 16:15:28'),
(723, 36, 1, 5, 4, 0, 1, '2023-01-10 16:15:33'),
(724, 36, 1, 6, 5, 0, 1, '2023-01-10 16:15:36'),
(725, 36, 1, 7, 5, 0, 1, '2023-01-10 16:15:38'),
(726, 36, 1, 8, 5, 0, 1, '2023-01-10 16:15:42'),
(727, 36, 1, 9, 5, 0, 1, '2023-01-10 16:15:44'),
(728, 36, 1, 10, 5, 0, 1, '2023-01-10 16:15:45'),
(729, 36, 1, 11, 5, 0, 1, '2023-01-10 16:15:47'),
(730, 36, 1, 12, 5, 0, 1, '2023-01-10 16:15:49'),
(731, 36, 1, 13, 5, 0, 1, '2023-01-10 16:15:53'),
(732, 36, 1, 14, 1, 0, 1, '2023-01-10 16:16:05'),
(733, 36, 1, 15, 1, 1, 1, '2023-01-10 16:16:19'),
(734, 37, 1, 1, 4, 0, 1, '2023-01-10 16:17:15'),
(735, 37, 1, 2, 5, 0, 1, '2023-01-10 16:17:17'),
(736, 37, 1, 3, 3, 0, 1, '2023-01-10 16:17:21'),
(737, 37, 1, 4, 4, 0, 1, '2023-01-10 16:17:24'),
(738, 37, 1, 5, 0, 1, 1, '2023-01-10 16:17:33'),
(739, 37, 1, 6, 4, 0, 1, '2023-01-10 16:17:38'),
(740, 37, 1, 7, 4, 0, 1, '2023-01-10 16:17:42'),
(741, 37, 1, 8, 4, 0, 1, '2023-01-10 16:17:44'),
(742, 37, 1, 9, 3, 0, 1, '2023-01-10 16:17:51'),
(743, 37, 1, 10, 2, 1, 1, '2023-01-10 16:18:01'),
(744, 37, 1, 11, 5, 0, 1, '2023-01-10 16:18:02'),
(745, 37, 1, 12, 5, 0, 1, '2023-01-10 16:18:04'),
(746, 37, 1, 13, 5, 0, 1, '2023-01-10 16:18:05'),
(747, 37, 1, 14, 1, 0, 1, '2023-01-10 16:18:15'),
(748, 37, 1, 15, 2, 0, 1, '2023-01-10 16:18:40'),
(749, 38, 1, 1, 5, 0, 1, '2023-01-10 16:19:33'),
(750, 38, 1, 2, 0, 1, 1, '2023-01-10 16:19:46'),
(751, 38, 1, 3, 3, 0, 1, '2023-01-10 16:19:52'),
(752, 38, 1, 4, 4, 0, 1, '2023-01-10 16:19:56'),
(753, 38, 1, 5, 2, 0, 1, '2023-01-10 16:20:03'),
(754, 38, 1, 6, 2, 1, 1, '2023-01-10 16:20:12'),
(755, 38, 1, 7, 5, 0, 1, '2023-01-10 16:20:16'),
(756, 38, 1, 8, 1, 1, 1, '2023-01-10 16:20:29'),
(757, 38, 1, 9, 5, 0, 1, '2023-01-10 16:20:33'),
(758, 38, 1, 10, 5, 0, 1, '2023-01-10 16:20:35'),
(759, 38, 1, 11, 5, 0, 1, '2023-01-10 16:20:37'),
(760, 38, 1, 12, 5, 0, 1, '2023-01-10 16:20:39'),
(761, 38, 1, 13, 5, 0, 1, '2023-01-10 16:20:41'),
(762, 38, 1, 14, 5, 0, 1, '2023-01-10 16:20:44'),
(763, 38, 1, 15, 5, 0, 1, '2023-01-10 16:20:46'),
(764, 39, 1, 1, 5, 0, 1, '2023-01-10 16:21:39'),
(765, 39, 1, 2, 3, 0, 1, '2023-01-10 16:21:46'),
(766, 39, 1, 3, 5, 0, 1, '2023-01-10 16:21:50'),
(767, 39, 1, 4, 3, 0, 1, '2023-01-10 16:21:59'),
(768, 39, 1, 5, 2, 1, 1, '2023-01-10 16:22:13'),
(769, 39, 1, 6, 5, 0, 1, '2023-01-10 16:22:15'),
(770, 39, 1, 7, 2, 1, 1, '2023-01-10 16:22:24'),
(771, 39, 1, 8, 5, 0, 1, '2023-01-10 16:22:26'),
(772, 39, 1, 9, 3, 0, 1, '2023-01-10 16:22:31'),
(773, 39, 1, 10, 3, 0, 1, '2023-01-10 16:22:35'),
(774, 39, 1, 11, 3, 0, 1, '2023-01-10 16:22:39'),
(775, 39, 1, 12, 3, 0, 1, '2023-01-10 16:22:42'),
(776, 39, 1, 13, 4, 0, 1, '2023-01-10 16:22:46'),
(777, 39, 1, 14, 2, 1, 1, '2023-01-10 16:22:55'),
(778, 39, 1, 15, 5, 0, 1, '2023-01-10 16:22:59'),
(779, 46, 1, 1, 5, 0, 1, '2023-01-10 16:23:42'),
(780, 46, 1, 2, 0, 1, 1, '2023-01-10 16:23:56'),
(781, 46, 1, 3, 3, 0, 1, '2023-01-10 16:24:01'),
(782, 46, 1, 4, 4, 0, 1, '2023-01-10 16:24:04'),
(783, 46, 1, 5, 1, 1, 1, '2023-01-10 16:24:13'),
(784, 46, 1, 6, 4, 0, 1, '2023-01-10 16:24:16'),
(785, 46, 1, 7, 4, 0, 1, '2023-01-10 16:24:19'),
(786, 46, 1, 8, 4, 0, 1, '2023-01-10 16:24:21'),
(787, 46, 1, 9, 3, 0, 1, '2023-01-10 16:24:25'),
(788, 46, 1, 10, 3, 0, 1, '2023-01-10 16:24:32'),
(789, 46, 1, 11, 5, 0, 1, '2023-01-10 16:24:34'),
(790, 46, 1, 12, 5, 0, 1, '2023-01-10 16:24:36'),
(791, 46, 1, 13, 5, 0, 1, '2023-01-10 16:24:37'),
(792, 46, 1, 14, 5, 0, 1, '2023-01-10 16:24:39'),
(793, 46, 1, 15, 5, 0, 1, '2023-01-10 16:24:42'),
(794, 40, 1, 1, 4, 0, 1, '2023-01-10 16:25:05'),
(795, 40, 1, 2, 2, 1, 1, '2023-01-10 16:25:16'),
(796, 40, 1, 3, 3, 0, 1, '2023-01-10 16:25:23'),
(797, 40, 1, 4, 5, 0, 1, '2023-01-10 16:25:25'),
(798, 40, 1, 5, 2, 1, 1, '2023-01-10 16:25:37'),
(799, 40, 1, 6, 5, 0, 1, '2023-01-10 16:25:40'),
(800, 40, 1, 7, 5, 0, 1, '2023-01-10 16:25:42'),
(801, 40, 1, 8, 5, 0, 1, '2023-01-10 16:25:44'),
(802, 40, 1, 9, 5, 0, 1, '2023-01-10 16:25:46'),
(803, 40, 1, 10, 5, 0, 1, '2023-01-10 16:25:48'),
(804, 40, 1, 11, 5, 0, 1, '2023-01-10 16:25:49'),
(805, 40, 1, 12, 5, 0, 1, '2023-01-10 16:25:51'),
(806, 40, 1, 13, 5, 0, 1, '2023-01-10 16:25:53'),
(807, 40, 1, 14, 5, 0, 1, '2023-01-10 16:25:55'),
(808, 40, 1, 15, 3, 0, 1, '2023-01-10 16:26:05'),
(809, 41, 1, 1, 5, 0, 1, '2023-01-10 16:28:14'),
(810, 41, 1, 2, 2, 0, 1, '2023-01-10 16:28:22'),
(811, 41, 1, 3, 5, 0, 1, '2023-01-10 16:28:28'),
(812, 41, 1, 4, 5, 0, 1, '2023-01-10 16:28:30'),
(813, 41, 1, 5, 0, 0, 1, '2023-01-10 16:28:47'),
(814, 41, 1, 6, 5, 0, 1, '2023-01-10 16:28:49'),
(815, 41, 1, 7, 4, 0, 1, '2023-01-10 16:28:53'),
(816, 41, 1, 8, 1, 1, 1, '2023-01-10 16:29:04'),
(817, 41, 1, 9, 5, 0, 1, '2023-01-10 16:29:06'),
(818, 41, 1, 10, 5, 0, 1, '2023-01-10 16:29:08'),
(819, 41, 1, 11, 5, 0, 1, '2023-01-10 16:29:10'),
(820, 41, 1, 12, 5, 0, 1, '2023-01-10 16:29:11'),
(821, 41, 1, 13, 5, 0, 1, '2023-01-10 16:29:13'),
(822, 41, 1, 14, 4, 0, 1, '2023-01-10 16:29:17'),
(823, 41, 1, 15, 5, 0, 1, '2023-01-10 16:29:19'),
(824, 42, 1, 1, 5, 0, 1, '2023-01-10 16:29:50'),
(825, 42, 1, 2, 2, 0, 1, '2023-01-10 16:29:57'),
(826, 42, 1, 3, 2, 0, 1, '2023-01-10 16:30:04'),
(827, 42, 1, 4, 5, 0, 1, '2023-01-10 16:30:07'),
(828, 42, 1, 5, 2, 1, 1, '2023-01-10 16:30:16'),
(829, 42, 1, 6, 5, 0, 1, '2023-01-10 16:30:18'),
(830, 42, 1, 7, 4, 0, 1, '2023-01-10 16:30:22'),
(831, 42, 1, 8, 5, 0, 1, '2023-01-10 16:30:24'),
(832, 42, 1, 9, 5, 0, 1, '2023-01-10 16:30:25'),
(833, 42, 1, 10, 5, 0, 1, '2023-01-10 16:30:27'),
(834, 42, 1, 11, 0, 0, 1, '2023-01-10 16:30:35'),
(835, 42, 1, 12, 5, 0, 1, '2023-01-10 16:30:38'),
(836, 42, 1, 13, 5, 0, 1, '2023-01-10 16:30:40'),
(837, 42, 1, 14, 5, 0, 1, '2023-01-10 16:30:42'),
(838, 42, 1, 15, 4, 0, 1, '2023-01-10 16:30:47'),
(839, 43, 1, 1, 3, 0, 1, '2023-01-10 16:31:29'),
(840, 43, 1, 2, 5, 0, 1, '2023-01-10 16:31:30'),
(841, 43, 1, 3, 4, 0, 1, '2023-01-10 16:31:35'),
(842, 43, 1, 4, 4, 0, 1, '2023-01-10 16:31:40'),
(843, 43, 1, 5, 3, 0, 1, '2023-01-10 16:31:45'),
(844, 43, 1, 6, 2, 1, 1, '2023-01-10 16:31:52'),
(845, 43, 1, 7, 5, 0, 1, '2023-01-10 16:31:54'),
(846, 43, 1, 8, 3, 0, 1, '2023-01-10 16:32:00'),
(847, 43, 1, 9, 3, 0, 1, '2023-01-10 16:32:06'),
(848, 43, 1, 10, 5, 0, 1, '2023-01-10 16:32:11'),
(849, 43, 1, 11, 4, 0, 1, '2023-01-10 16:32:14'),
(850, 43, 1, 12, 5, 0, 1, '2023-01-10 16:32:16'),
(851, 43, 1, 13, 5, 0, 1, '2023-01-10 16:32:19'),
(852, 43, 1, 14, 5, 0, 1, '2023-01-10 16:32:22'),
(853, 43, 1, 15, 5, 0, 1, '2023-01-10 16:32:25'),
(854, 44, 1, 1, 4, 0, 1, '2023-01-10 16:32:54'),
(855, 44, 1, 2, 0, 0, 1, '2023-01-10 16:33:05'),
(856, 44, 1, 3, 4, 0, 1, '2023-01-10 16:33:13'),
(857, 44, 1, 4, 5, 0, 1, '2023-01-10 16:33:15'),
(858, 44, 1, 5, 0, 1, 1, '2023-01-10 16:33:27'),
(859, 44, 1, 6, 4, 0, 1, '2023-01-10 16:33:30'),
(860, 44, 1, 7, 4, 0, 1, '2023-01-10 16:33:33'),
(861, 44, 1, 8, 5, 0, 1, '2023-01-10 16:33:35'),
(862, 44, 1, 9, 5, 0, 1, '2023-01-10 16:33:37'),
(863, 44, 1, 10, 5, 0, 1, '2023-01-10 16:33:39'),
(864, 44, 1, 11, 5, 0, 1, '2023-01-10 16:33:41'),
(865, 44, 1, 12, 5, 0, 1, '2023-01-10 16:33:43'),
(866, 44, 1, 13, 5, 0, 1, '2023-01-10 16:33:45'),
(867, 44, 1, 14, 5, 0, 1, '2023-01-10 16:33:48'),
(868, 44, 1, 15, 5, 0, 1, '2023-01-10 16:33:50'),
(869, 45, 1, 1, 5, 0, 1, '2023-01-10 16:34:16'),
(870, 45, 1, 2, 2, 0, 1, '2023-01-10 16:34:23'),
(871, 45, 1, 3, 3, 0, 1, '2023-01-10 16:34:27'),
(872, 45, 1, 4, 4, 0, 1, '2023-01-10 16:34:30'),
(873, 45, 1, 5, 2, 1, 1, '2023-01-10 16:34:38'),
(874, 45, 1, 6, 4, 0, 1, '2023-01-10 16:34:40'),
(875, 45, 1, 7, 4, 0, 1, '2023-01-10 16:34:43'),
(876, 45, 1, 8, 3, 0, 1, '2023-01-10 16:34:47'),
(877, 45, 1, 9, 5, 0, 1, '2023-01-10 16:34:49'),
(878, 45, 1, 10, 5, 0, 1, '2023-01-10 16:34:51'),
(879, 45, 1, 11, 3, 0, 1, '2023-01-10 16:34:54'),
(880, 45, 1, 12, 2, 1, 1, '2023-01-10 16:35:01'),
(881, 45, 1, 13, 5, 0, 1, '2023-01-10 16:35:03'),
(882, 45, 1, 14, 5, 0, 1, '2023-01-10 16:35:06'),
(883, 45, 1, 15, 2, 1, 1, '2023-01-10 16:35:17'),
(884, 5, 1, 1, 5, 0, 11, '2023-01-15 08:16:14'),
(885, 5, 1, 2, 3, 0, 11, '2023-01-15 08:16:25'),
(886, 5, 1, 3, 5, 0, 11, '2023-01-15 08:16:33'),
(887, 5, 1, 4, 5, 0, 11, '2023-01-15 08:16:38'),
(888, 5, 1, 5, 5, 0, 11, '2023-01-15 08:16:43'),
(889, 5, 1, 6, 5, 0, 11, '2023-01-15 08:16:47'),
(890, 5, 1, 7, 5, 0, 11, '2023-01-15 08:16:50'),
(891, 5, 1, 8, 5, 0, 11, '2023-01-15 08:16:58'),
(892, 5, 1, 9, 5, 0, 11, '2023-01-15 08:17:03'),
(893, 5, 1, 10, 5, 0, 11, '2023-01-15 08:17:08'),
(894, 5, 1, 10, 5, 0, 11, '2023-01-15 08:17:15'),
(895, 5, 1, 10, 5, 0, 11, '2023-01-15 08:17:24'),
(896, 5, 1, 10, 5, 0, 11, '2023-01-15 08:17:29'),
(897, 5, 1, 11, 0, 1, 11, '2023-01-15 08:18:51'),
(898, 5, 1, 12, 5, 0, 11, '2023-01-15 08:18:54'),
(899, 5, 1, 13, 5, 0, 11, '2023-01-15 08:18:57'),
(900, 5, 1, 14, 5, 0, 11, '2023-01-15 08:19:00'),
(901, 5, 1, 15, 5, 0, 11, '2023-01-15 08:19:06'),
(902, 47, 1, 1, 5, 0, 1, '2023-01-15 09:50:28'),
(903, 47, 1, 15, 5, 0, 1, '2023-01-15 09:50:39'),
(1177, 6, 1, 1, 1, 0, 1, '2023-02-11 17:27:46'),
(1178, 6, 1, 2, 0, 0, 1, '2023-02-11 17:28:07'),
(1179, 6, 1, 3, 0, 0, 1, '2023-02-11 17:28:19'),
(1180, 6, 1, 4, 0, 0, 1, '2023-02-11 17:28:38'),
(1181, 6, 1, 5, 0, 0, 1, '2023-02-11 17:28:50'),
(1182, 6, 1, 6, 1, 0, 1, '2023-02-11 17:28:54'),
(1183, 6, 1, 7, 1, 0, 1, '2023-02-11 17:28:59'),
(1184, 6, 1, 8, 1, 0, 1, '2023-02-11 17:29:05'),
(1185, 6, 1, 9, 1, 0, 1, '2023-02-11 17:29:10'),
(1186, 6, 1, 10, 0, 1, 1, '2023-02-11 17:29:21'),
(1187, 6, 1, 11, 0, 0, 1, '2023-02-11 17:29:27'),
(1188, 6, 1, 12, 1, 0, 1, '2023-02-11 17:29:31'),
(1189, 6, 1, 13, 0, 1, 1, '2023-02-11 17:29:47'),
(1190, 6, 1, 14, 1, 0, 1, '2023-02-11 17:29:54'),
(1191, 6, 1, 15, 0, 0, 1, '2023-02-11 17:30:00');

-- --------------------------------------------------------

--
-- Table structure for table `quiz_item`
--

CREATE TABLE `quiz_item` (
  `quizItemID` int(11) NOT NULL,
  `question` varchar(255) NOT NULL,
  `ch1` varchar(255) NOT NULL,
  `ch2` varchar(255) NOT NULL,
  `ch3` varchar(255) NOT NULL,
  `ch4` varchar(255) NOT NULL,
  `answerkey` varchar(255) NOT NULL,
  `hint` varchar(255) NOT NULL,
  `hint2` varchar(255) NOT NULL,
  `hint3` varchar(255) NOT NULL,
  `quiz_id` int(11) NOT NULL
) ENGINE=InnoDB DEFAULT CHARSET=utf8mb4 COLLATE=utf8mb4_general_ci;

--
-- Dumping data for table `quiz_item`
--

INSERT INTO `quiz_item` (`quizItemID`, `question`, `ch1`, `ch2`, `ch3`, `ch4`, `answerkey`, `hint`, `hint2`, `hint3`, `quiz_id`) VALUES
(1, 'How many chambers does the heart have?', '4', '5', '1', '2', '4', 'I am an even number. I am less than 2+3', 'hint1.gif', 'two atria and two ventricles.', 1),
(2, 'It receives oxygen-poor blood from the body and pumps it to the right ventricle.', 'Left ventricle', 'Right ventricle', 'Right atrium', 'Left atrium', 'Right atrium', 'It is located in the upper right corner of the heart.', 'hint2.jpg', 'Starts with letter \"R\" ends with letter \"M\"', 1),
(3, 'It pumps the oxygen-rich blood to the body.', 'Left  ventricle', 'Right ventricle', 'Right atrium', 'Left atrium', 'Left  ventricle', 'It is located in the bottom left portion of the heart below the left atrium.', 'hint3.jpg', 'Sounds like Left \"Vehicle\"', 1),
(4, 'It pumps the oxygen-poor blood to the lungs.', 'Left  ventricle', 'Right ventricle', 'Right atrium', 'Left atrium', 'Right ventricle', 'It is located in the lower right portion of the heart below the right atrium and opposite the left ventricle.', 'hint4.jpg', 'Sounds like right \"Vehicle\"', 1),
(5, 'It receives oxygen-rich blood from the lungs and pumps it to the left ventricle.', 'Left  ventricle', 'Right ventricle', 'Right atrium', 'Left atrium', 'Left atrium', 'It is positioned slightly above and behind the right atrium.', 'hint5.jpg', 'Starts with letter \"L\" ends with letter \"M\"', 1),
(6, 'What is the plural for atrium?', 'Atriums', 'Atria', 'Atrias', 'Atrium', 'Atria', 'Sound like galleria.', 'hint6.jpg', 'Sounds Like \"Patria\"', 1),
(7, 'The _____  serves as the primary pumping chambers of the heart, propelling blood to the lungs or to the rest of the body.', 'Atrium', 'Ventricle', 'Atria', 'Capillaries', 'Ventricle', 'Part of the heart that pumps blood to the arteries.', 'hint7.jpg', 'sounds like \"Centrical\"', 1),
(8, 'It transports blood to and from the lungs, where it picks up oxygen and delivers carbon dioxide for exhalation.', '	Systemic circuit', 'Pulmonary circuit', 'Pulmonary capillaries', 'Systemic capillaries', 'Pulmonary circuit', 'Division of the circulatory system in all vertebrates.', 'hint8.jpg', 'Starts with letter \"P\" ends with letter \"T\"', 1),
(9, 'It transports oxygenated blood to virtually all of the tissues of the body and returns to the heart.', 'Systemic circuit', 'Pulmonary circuit', 'Pulmonary capillaries', 'Systemic capillaries', 'Systemic circuit', 'Flows through arteries, then arterioles, then capillaries where gas exchange occurs to tissues.', 'hint9.jpg', 'SYSCIMET  TIUCRIC ', 1),
(10, 'The right ventricle pumps deoxygenated blood into the  ______.', 'Pulmonary trunk', 'Pulmonary arteries', 'Pulmonary capillaries', 'Pulmonary veins', 'Pulmonary trunk', 'Transports blood from the right ventricle to the pulmonary arteries.', 'hint10.jpg', 'Sounds like a \"Truck\"', 1),
(11, 'What are the 4 chambers of the heart?', 'Right atrium, left atrium, right ventricle ,  left ventricle', 'Pulmonary trunk, Pulmonary arteries , pulmonary capillaries, pulmonary veins', 'Systemic atrium, pulmonary atrium,  systemic ventricle, pulmonary ventricle', 'Right chamber, left chamber, down chamber , up chamber', 'Right atrium, left atrium, right ventricle ,  left ventricle', 'Two atria and two ventricles.', 'hint11.JPG', 'R.A , L.A, R.V, L.V', 1),
(12, 'The wall of the heart is composed of three layers of 	unequal thickness. These are:', 'Epicardium, myocardium, endocardium', 'Capillaries, atrium , veins , chamber', 'Systemic atrium, pulmonary atrium,  systemic ventricle, pulmonary ventricle', 'Right chamber, left chamber, down chamber , up chamber', 'Epicardium, myocardium, endocardium', 'EME', 'hint12.jpg', 'Start with EPIC, MAYO, END', 1),
(13, 'The middle and thickest layer is the _______, made largely of cardiac muscle cells.', 'Epicardium', 'Myocardium', 'Pericardium', 'Endocardium ', 'Myocardium', 'Middle muscular layer of the heart.', 'hint13.jpg', 'MUIDRACOYM', 1),
(14, 'It is the _________  of the myocardium that pumps blood through the heart and into the major arteries.', 'Contraction ', 'Palpitation', 'Distraction', 'Reaction', 'Contraction ', 'Another word for this is shrinkage.', 'hint14.jpg', 'sounds like \" Construction\"', 1),
(15, 'How many layers does the heart have?', '3', '2', '5', '1', '3', 'I am an odd number. I am greater than 1+1.', 'hint15.gif', ' 6-3=?', 1);

-- --------------------------------------------------------

--
-- Table structure for table `quiz_mistake`
--

CREATE TABLE `quiz_mistake` (
  `mistake_id` int(11) NOT NULL,
  `user_id` int(11) NOT NULL,
  `quizItem_id` int(11) NOT NULL,
  `quiz_id` int(11) NOT NULL,
  `input_answer` varchar(255) NOT NULL,
  `mistake` int(100) NOT NULL,
  `quiz_attempt` int(100) NOT NULL,
  `date_saved` timestamp NOT NULL DEFAULT current_timestamp() ON UPDATE current_timestamp()
) ENGINE=InnoDB DEFAULT CHARSET=utf8mb4 COLLATE=utf8mb4_general_ci;

--
-- Dumping data for table `quiz_mistake`
--

INSERT INTO `quiz_mistake` (`mistake_id`, `user_id`, `quizItem_id`, `quiz_id`, `input_answer`, `mistake`, `quiz_attempt`, `date_saved`) VALUES
(243, 4, 4, 1, 'Left  ventricle', 1, 1, '2023-01-09 14:36:40'),
(244, 4, 4, 1, 'Right atrium', 1, 1, '2023-01-09 14:36:42'),
(245, 4, 5, 1, 'Right ventricle', 1, 1, '2023-01-09 14:37:07'),
(246, 4, 5, 1, 'Right ventricle', 1, 1, '2023-01-09 14:37:11'),
(247, 4, 5, 1, 'Right atrium', 1, 1, '2023-01-09 14:37:14'),
(248, 4, 2, 1, 'Right ventricle', 1, 2, '2023-01-09 14:39:01'),
(249, 4, 2, 1, 'Left ventricle', 1, 2, '2023-01-09 14:39:03'),
(250, 4, 2, 1, 'Left ventricle', 1, 2, '2023-01-09 14:39:05'),
(251, 4, 2, 1, 'Right ventricle', 1, 2, '2023-01-09 14:39:12'),
(252, 4, 2, 1, 'Left atrium', 1, 2, '2023-01-09 14:39:18'),
(253, 4, 2, 1, 'Left ventricle', 1, 3, '2023-01-09 14:40:31'),
(254, 4, 3, 1, 'Right ventricle', 1, 3, '2023-01-09 14:41:03'),
(255, 4, 3, 1, 'Right ventricle', 1, 3, '2023-01-09 14:41:07'),
(256, 4, 3, 1, 'Right ventricle', 1, 3, '2023-01-09 14:41:11'),
(257, 4, 3, 1, 'Right ventricle', 1, 3, '2023-01-09 14:41:17'),
(258, 4, 3, 1, 'Right ventricle', 1, 3, '2023-01-09 14:41:20'),
(259, 4, 3, 1, 'Left atrium', 1, 3, '2023-01-09 14:41:23'),
(260, 4, 1, 1, '1', 1, 4, '2023-01-09 15:38:46'),
(261, 4, 1, 1, '5', 1, 4, '2023-01-09 15:38:49'),
(262, 4, 3, 1, 'Right atrium', 1, 4, '2023-01-09 15:38:55'),
(263, 4, 3, 1, 'Left atrium', 1, 4, '2023-01-09 15:38:57'),
(264, 4, 1, 1, '5', 1, 5, '2023-01-09 15:39:18'),
(265, 4, 1, 1, '5', 1, 5, '2023-01-09 15:39:21'),
(266, 4, 1, 1, '1', 1, 5, '2023-01-09 15:39:23'),
(267, 4, 1, 1, '1', 1, 5, '2023-01-09 15:39:31'),
(268, 4, 1, 1, '2', 1, 5, '2023-01-09 15:39:52'),
(269, 4, 1, 1, '5', 1, 5, '2023-01-09 15:40:54'),
(270, 4, 1, 1, '1', 1, 5, '2023-01-09 15:41:01'),
(271, 4, 2, 1, 'Right ventricle', 1, 5, '2023-01-09 15:41:10'),
(272, 4, 2, 1, 'Left atrium', 1, 5, '2023-01-09 15:41:14'),
(273, 4, 2, 1, 'Left ventricle', 1, 5, '2023-01-09 15:41:17'),
(274, 4, 2, 1, 'Right ventricle', 1, 5, '2023-01-09 15:41:23'),
(275, 4, 2, 1, 'Left ventricle', 1, 5, '2023-01-09 15:41:25'),
(276, 4, 3, 1, 'Right atrium', 1, 5, '2023-01-09 15:41:30'),
(277, 4, 1, 1, '5', 1, 6, '2023-01-09 15:42:00'),
(278, 4, 2, 1, 'Left atrium', 1, 8, '2023-01-09 15:42:46'),
(279, 4, 1, 1, '5', 1, 10, '2023-01-09 15:45:12'),
(280, 4, 1, 1, '5', 1, 10, '2023-01-09 15:45:14'),
(281, 4, 1, 1, '1', 1, 10, '2023-01-09 15:45:16'),
(282, 4, 1, 1, '1', 1, 10, '2023-01-09 15:45:27'),
(283, 4, 1, 1, '1', 1, 11, '2023-01-09 16:04:39'),
(284, 4, 1, 1, '5', 1, 11, '2023-01-09 16:04:41'),
(285, 4, 1, 1, '1', 1, 12, '2023-01-09 16:05:09'),
(286, 4, 1, 1, '1', 1, 12, '2023-01-09 16:05:17'),
(287, 4, 3, 1, 'Right atrium', 1, 12, '2023-01-09 16:05:27'),
(288, 4, 3, 1, 'Right ventricle', 1, 12, '2023-01-09 16:05:29'),
(289, 4, 3, 1, 'Right ventricle', 1, 12, '2023-01-09 16:05:32'),
(290, 4, 3, 1, 'Left atrium', 1, 12, '2023-01-09 16:05:42'),
(291, 5, 1, 1, '5', 1, 7, '2023-01-09 16:28:22'),
(292, 5, 1, 1, '5', 1, 7, '2023-01-09 16:28:27'),
(293, 5, 1, 1, '2', 1, 7, '2023-01-09 16:28:30'),
(294, 5, 15, 1, '2', 1, 7, '2023-01-09 16:30:13'),
(295, 5, 15, 1, '2', 1, 7, '2023-01-09 16:30:16'),
(296, 5, 15, 1, '1', 1, 7, '2023-01-09 16:30:18'),
(297, 5, 1, 1, '5', 1, 8, '2023-01-09 16:34:15'),
(298, 7, 5, 1, 'Right atrium', 1, 1, '2023-01-10 06:00:31'),
(299, 7, 5, 1, 'Right atrium', 1, 1, '2023-01-10 06:00:41'),
(300, 7, 5, 1, 'Right atrium', 1, 1, '2023-01-10 06:00:51'),
(301, 4, 2, 1, 'Left ventricle', 1, 1, '2023-01-10 06:04:12'),
(302, 4, 2, 1, 'Left ventricle', 1, 1, '2023-01-10 06:04:16'),
(303, 9, 2, 1, 'Right ventricle', 1, 1, '2023-01-10 06:04:20'),
(304, 4, 2, 1, 'Left ventricle', 1, 1, '2023-01-10 06:04:37'),
(305, 9, 2, 1, 'Left atrium', 1, 1, '2023-01-10 06:04:50'),
(306, 9, 2, 1, 'Left atrium', 1, 1, '2023-01-10 06:05:07'),
(307, 9, 2, 1, 'Left atrium', 1, 1, '2023-01-10 06:05:35'),
(308, 9, 2, 1, 'Left atrium', 1, 1, '2023-01-10 06:06:16'),
(309, 9, 2, 1, 'Left ventricle', 1, 1, '2023-01-10 06:06:39'),
(310, 8, 5, 1, 'Right atrium', 1, 1, '2023-01-10 06:06:46'),
(311, 9, 3, 1, 'Right ventricle', 1, 1, '2023-01-10 06:07:36'),
(312, 8, 5, 1, 'Right atrium', 1, 1, '2023-01-10 06:07:38'),
(313, 9, 3, 1, 'Right ventricle', 1, 1, '2023-01-10 06:07:43'),
(314, 9, 3, 1, 'Right ventricle', 1, 1, '2023-01-10 06:07:50'),
(315, 9, 3, 1, 'Left atrium', 1, 1, '2023-01-10 06:07:57'),
(316, 8, 5, 1, 'Right atrium', 1, 1, '2023-01-10 06:08:06'),
(317, 9, 3, 1, 'Right atrium', 1, 1, '2023-01-10 06:08:17'),
(318, 9, 3, 1, 'Right ventricle', 1, 1, '2023-01-10 06:08:23'),
(319, 8, 5, 1, 'Right ventricle', 1, 1, '2023-01-10 06:08:37'),
(320, 9, 4, 1, 'Right atrium', 1, 1, '2023-01-10 06:08:49'),
(321, 9, 4, 1, 'Right atrium', 1, 1, '2023-01-10 06:08:55'),
(322, 9, 4, 1, 'Right atrium', 1, 1, '2023-01-10 06:09:00'),
(323, 8, 5, 1, 'Right atrium', 1, 1, '2023-01-10 06:09:00'),
(324, 9, 4, 1, 'Left atrium', 1, 1, '2023-01-10 06:09:04'),
(325, 9, 4, 1, 'Left  ventricle', 1, 1, '2023-01-10 06:09:16'),
(326, 9, 5, 1, 'Right ventricle', 1, 1, '2023-01-10 06:09:33'),
(327, 9, 5, 1, 'Right ventricle', 1, 1, '2023-01-10 06:09:39'),
(328, 9, 5, 1, 'Left  ventricle', 1, 1, '2023-01-10 06:09:47'),
(329, 9, 8, 1, 'Pulmonary capillaries', 1, 1, '2023-01-10 06:10:40'),
(330, 8, 8, 1, '	Systemic circuit', 1, 1, '2023-01-10 06:10:43'),
(331, 9, 8, 1, '	Systemic circuit', 1, 1, '2023-01-10 06:10:45'),
(332, 8, 8, 1, 'Systemic capillaries', 1, 1, '2023-01-10 06:10:58'),
(333, 9, 9, 1, 'Pulmonary circuit', 1, 1, '2023-01-10 06:11:02'),
(334, 8, 8, 1, '	Systemic circuit', 1, 1, '2023-01-10 06:11:05'),
(335, 9, 9, 1, 'Pulmonary circuit', 1, 1, '2023-01-10 06:11:06'),
(336, 9, 9, 1, 'Systemic capillaries', 1, 1, '2023-01-10 06:11:11'),
(337, 9, 10, 1, 'Pulmonary capillaries', 1, 1, '2023-01-10 06:11:30'),
(338, 9, 10, 1, 'Pulmonary veins', 1, 1, '2023-01-10 06:11:34'),
(339, 9, 10, 1, 'Pulmonary capillaries', 1, 1, '2023-01-10 06:11:38'),
(340, 8, 13, 1, 'Endocardium ', 1, 1, '2023-01-10 06:12:27'),
(341, 8, 13, 1, 'Epicardium', 1, 1, '2023-01-10 06:12:34'),
(342, 9, 14, 1, 'Palpitation', 1, 1, '2023-01-10 06:12:36'),
(343, 9, 14, 1, 'Distraction', 1, 1, '2023-01-10 06:12:42'),
(344, 9, 14, 1, 'Distraction', 1, 1, '2023-01-10 06:12:47'),
(345, 8, 14, 1, 'Palpitation', 1, 1, '2023-01-10 06:12:50'),
(346, 13, 3, 1, 'Right ventricle', 1, 1, '2023-01-10 06:42:38'),
(347, 13, 3, 1, 'Left atrium', 1, 1, '2023-01-10 06:43:01'),
(348, 13, 3, 1, 'Left atrium', 1, 1, '2023-01-10 06:43:16'),
(349, 13, 3, 1, 'Left atrium', 1, 1, '2023-01-10 06:43:35'),
(350, 13, 3, 1, 'Right ventricle', 1, 1, '2023-01-10 06:44:31'),
(351, 12, 1, 1, '2', 1, 1, '2023-01-10 06:45:08'),
(352, 13, 4, 1, 'Left  ventricle', 1, 1, '2023-01-10 06:45:22'),
(353, 12, 2, 1, 'Left ventricle', 1, 1, '2023-01-10 06:45:39'),
(354, 12, 2, 1, 'Left atrium', 1, 1, '2023-01-10 06:45:43'),
(355, 12, 2, 1, 'Left ventricle', 1, 1, '2023-01-10 06:45:51'),
(356, 13, 5, 1, 'Left  ventricle', 1, 1, '2023-01-10 06:45:56'),
(357, 12, 2, 1, 'Right ventricle', 1, 1, '2023-01-10 06:46:00'),
(358, 12, 2, 1, 'Left ventricle', 1, 1, '2023-01-10 06:46:06'),
(359, 12, 2, 1, 'Left atrium', 1, 1, '2023-01-10 06:46:10'),
(360, 13, 5, 1, 'Left  ventricle', 1, 1, '2023-01-10 06:46:16'),
(361, 12, 3, 1, 'Right atrium', 1, 1, '2023-01-10 06:46:24'),
(362, 12, 4, 1, 'Right atrium', 1, 1, '2023-01-10 06:46:36'),
(363, 12, 4, 1, 'Right atrium', 1, 1, '2023-01-10 06:46:41'),
(364, 12, 4, 1, 'Left atrium', 1, 1, '2023-01-10 06:46:46'),
(365, 12, 4, 1, 'Left atrium', 1, 1, '2023-01-10 06:46:54'),
(366, 12, 4, 1, 'Left  ventricle', 1, 1, '2023-01-10 06:46:59'),
(367, 13, 6, 1, 'Atriums', 1, 1, '2023-01-10 06:47:07'),
(368, 13, 6, 1, 'Atriums', 1, 1, '2023-01-10 06:47:11'),
(369, 13, 6, 1, 'Atrium', 1, 1, '2023-01-10 06:47:16'),
(370, 13, 6, 1, 'Atrias', 1, 1, '2023-01-10 06:47:21'),
(371, 12, 5, 1, 'Right atrium', 1, 1, '2023-01-10 06:47:31'),
(372, 13, 7, 1, 'Capillaries', 1, 1, '2023-01-10 06:47:40'),
(373, 12, 5, 1, 'Right atrium', 1, 1, '2023-01-10 06:47:42'),
(374, 12, 5, 1, 'Right atrium', 1, 1, '2023-01-10 06:47:48'),
(375, 13, 8, 1, 'Pulmonary capillaries', 1, 1, '2023-01-10 06:47:55'),
(376, 13, 8, 1, '	Systemic circuit', 1, 1, '2023-01-10 06:48:01'),
(377, 13, 8, 1, 'Systemic capillaries', 1, 1, '2023-01-10 06:48:05'),
(378, 13, 8, 1, '	Systemic circuit', 1, 1, '2023-01-10 06:48:08'),
(379, 12, 7, 1, 'Capillaries', 1, 1, '2023-01-10 06:48:09'),
(380, 12, 7, 1, 'Atrium', 1, 1, '2023-01-10 06:48:18'),
(381, 12, 7, 1, 'Capillaries', 1, 1, '2023-01-10 06:48:22'),
(382, 11, 1, 1, '5', 1, 1, '2023-01-10 06:48:25'),
(383, 13, 9, 1, 'Pulmonary circuit', 1, 1, '2023-01-10 06:48:26'),
(384, 13, 9, 1, 'Pulmonary circuit', 1, 1, '2023-01-10 06:48:30'),
(385, 13, 9, 1, 'Pulmonary circuit', 1, 1, '2023-01-10 06:48:33'),
(386, 13, 9, 1, 'Systemic capillaries', 1, 1, '2023-01-10 06:48:37'),
(387, 12, 7, 1, 'Atrium', 1, 1, '2023-01-10 06:48:57'),
(388, 13, 9, 1, 'Pulmonary circuit', 1, 1, '2023-01-10 06:48:58'),
(389, 12, 7, 1, 'Capillaries', 1, 1, '2023-01-10 06:49:09'),
(390, 12, 7, 1, 'Atria', 1, 1, '2023-01-10 06:49:18'),
(391, 12, 7, 1, 'Atrium', 1, 1, '2023-01-10 06:49:26'),
(392, 13, 10, 1, 'Pulmonary veins', 1, 1, '2023-01-10 06:49:27'),
(393, 13, 11, 1, 'Pulmonary trunk, Pulmonary arteries , pulmonary capillaries, pulmonary veins', 1, 1, '2023-01-10 06:49:44'),
(394, 12, 8, 1, '	Systemic circuit', 1, 1, '2023-01-10 06:49:47'),
(395, 13, 11, 1, 'Pulmonary trunk, Pulmonary arteries , pulmonary capillaries, pulmonary veins', 1, 1, '2023-01-10 06:49:50'),
(396, 13, 11, 1, 'Right chamber, left chamber, down chamber , up chamber', 1, 1, '2023-01-10 06:49:54'),
(397, 12, 8, 1, 'Pulmonary capillaries', 1, 1, '2023-01-10 06:49:57'),
(398, 13, 14, 1, 'Reaction', 1, 1, '2023-01-10 06:50:29'),
(399, 13, 14, 1, 'Palpitation', 1, 1, '2023-01-10 06:50:43'),
(400, 12, 13, 1, 'Epicardium', 1, 1, '2023-01-10 06:50:44'),
(401, 13, 14, 1, 'Distraction', 1, 1, '2023-01-10 06:50:55'),
(402, 12, 13, 1, 'Pericardium', 1, 1, '2023-01-10 06:50:56'),
(403, 13, 14, 1, 'Distraction', 1, 1, '2023-01-10 06:50:59'),
(404, 13, 14, 1, 'Palpitation', 1, 1, '2023-01-10 06:51:06'),
(405, 13, 14, 1, 'Distraction', 1, 1, '2023-01-10 06:51:31'),
(406, 13, 14, 1, 'Reaction', 1, 1, '2023-01-10 06:51:36'),
(407, 13, 14, 1, 'Palpitation', 1, 1, '2023-01-10 06:51:39'),
(408, 13, 15, 1, '5', 1, 1, '2023-01-10 06:51:54'),
(409, 11, 9, 1, 'Pulmonary capillaries', 1, 1, '2023-01-10 06:52:23'),
(410, 11, 9, 1, 'Pulmonary capillaries', 1, 1, '2023-01-10 06:52:31'),
(411, 10, 9, 1, 'Pulmonary circuit', 1, 1, '2023-01-10 06:53:12'),
(412, 11, 13, 1, 'Epicardium', 1, 1, '2023-01-10 06:56:07'),
(413, 10, 11, 1, 'Right chamber, left chamber, down chamber , up chamber', 1, 1, '2023-01-10 06:56:15'),
(414, 11, 13, 1, 'Pericardium', 1, 1, '2023-01-10 06:56:19'),
(415, 11, 14, 1, 'Reaction', 1, 1, '2023-01-10 06:56:34'),
(416, 10, 11, 1, 'Right chamber, left chamber, down chamber , up chamber', 1, 1, '2023-01-10 06:56:41'),
(417, 10, 11, 1, 'Pulmonary trunk, Pulmonary arteries , pulmonary capillaries, pulmonary veins', 1, 1, '2023-01-10 06:56:56'),
(418, 10, 11, 1, 'Pulmonary trunk, Pulmonary arteries , pulmonary capillaries, pulmonary veins', 1, 1, '2023-01-10 06:57:15'),
(419, 10, 11, 1, 'Systemic atrium, pulmonary atrium,  systemic ventricle, pulmonary ventricle', 1, 1, '2023-01-10 06:58:55'),
(420, 10, 14, 1, 'Palpitation', 1, 1, '2023-01-10 06:59:57'),
(421, 10, 14, 1, 'Distraction', 1, 1, '2023-01-10 07:00:08'),
(422, 14, 2, 1, 'Right ventricle', 1, 1, '2023-01-10 07:00:20'),
(423, 10, 14, 1, 'Reaction', 1, 1, '2023-01-10 07:00:21'),
(424, 14, 2, 1, 'Right ventricle', 1, 1, '2023-01-10 07:00:31'),
(425, 10, 14, 1, 'Palpitation', 1, 1, '2023-01-10 07:00:39'),
(426, 14, 2, 1, 'Left ventricle', 1, 1, '2023-01-10 07:00:42'),
(427, 10, 14, 1, 'Distraction', 1, 1, '2023-01-10 07:00:47'),
(428, 14, 2, 1, 'Left atrium', 1, 1, '2023-01-10 07:01:04'),
(429, 17, 8, 1, 'Pulmonary capillaries', 1, 2, '2023-01-10 07:01:22'),
(430, 17, 8, 1, '	Systemic circuit', 1, 2, '2023-01-10 07:01:26'),
(431, 17, 9, 1, 'Pulmonary capillaries', 1, 2, '2023-01-10 07:01:42'),
(432, 17, 9, 1, 'Systemic capillaries', 1, 2, '2023-01-10 07:01:47'),
(433, 17, 9, 1, 'Pulmonary circuit', 1, 2, '2023-01-10 07:01:51'),
(434, 17, 9, 1, 'Pulmonary circuit', 1, 2, '2023-01-10 07:01:56'),
(435, 17, 9, 1, 'Pulmonary capillaries', 1, 2, '2023-01-10 07:02:00'),
(436, 17, 9, 1, 'Systemic capillaries', 1, 2, '2023-01-10 07:02:04'),
(437, 17, 10, 1, 'Pulmonary arteries', 1, 2, '2023-01-10 07:02:24'),
(438, 17, 10, 1, 'Pulmonary capillaries', 1, 2, '2023-01-10 07:02:30'),
(439, 17, 10, 1, 'Pulmonary veins', 1, 2, '2023-01-10 07:02:33'),
(440, 17, 10, 1, 'Pulmonary capillaries', 1, 2, '2023-01-10 07:02:36'),
(441, 16, 3, 1, 'Right ventricle', 1, 1, '2023-01-10 07:03:29'),
(442, 15, 9, 1, 'Pulmonary capillaries', 1, 1, '2023-01-10 07:05:19'),
(443, 15, 9, 1, 'Systemic capillaries', 1, 1, '2023-01-10 07:05:43'),
(444, 16, 8, 1, 'Systemic capillaries', 1, 1, '2023-01-10 07:05:44'),
(445, 15, 9, 1, 'Pulmonary circuit', 1, 1, '2023-01-10 07:05:49'),
(446, 15, 9, 1, 'Pulmonary circuit', 1, 1, '2023-01-10 07:05:58'),
(447, 16, 8, 1, 'Pulmonary capillaries', 1, 1, '2023-01-10 07:06:01'),
(448, 15, 9, 1, 'Pulmonary capillaries', 1, 1, '2023-01-10 07:06:06'),
(449, 15, 9, 1, 'Pulmonary capillaries', 1, 1, '2023-01-10 07:06:28'),
(450, 16, 10, 1, 'Pulmonary arteries', 1, 1, '2023-01-10 07:08:26'),
(451, 16, 10, 1, 'Pulmonary arteries', 1, 1, '2023-01-10 07:08:32'),
(452, 16, 10, 1, 'Pulmonary veins', 1, 1, '2023-01-10 07:08:57'),
(453, 15, 14, 1, 'Distraction', 1, 1, '2023-01-10 07:09:34'),
(454, 16, 10, 1, 'Pulmonary arteries', 1, 1, '2023-01-10 07:09:42'),
(455, 16, 10, 1, 'Pulmonary veins', 1, 1, '2023-01-10 07:09:47'),
(456, 25, 1, 1, '1', 1, 1, '2023-01-10 08:49:16'),
(457, 25, 2, 1, 'Left ventricle', 1, 1, '2023-01-10 08:49:41'),
(458, 25, 2, 1, 'Left ventricle', 1, 1, '2023-01-10 08:49:45'),
(459, 25, 4, 1, 'Right atrium', 1, 1, '2023-01-10 08:50:36'),
(460, 25, 9, 1, 'Pulmonary capillaries', 1, 1, '2023-01-10 08:54:03'),
(461, 25, 11, 1, 'Pulmonary trunk, Pulmonary arteries , pulmonary capillaries, pulmonary veins', 1, 1, '2023-01-10 08:55:15'),
(462, 25, 11, 1, 'Systemic atrium, pulmonary atrium,  systemic ventricle, pulmonary ventricle', 1, 1, '2023-01-10 08:55:22'),
(463, 25, 11, 1, 'Right chamber, left chamber, down chamber , up chamber', 1, 1, '2023-01-10 08:55:27'),
(464, 25, 11, 1, 'Right chamber, left chamber, down chamber , up chamber', 1, 1, '2023-01-10 08:55:34'),
(465, 25, 12, 1, 'Right chamber, left chamber, down chamber , up chamber', 1, 1, '2023-01-10 08:55:58'),
(466, 25, 12, 1, 'Systemic atrium, pulmonary atrium,  systemic ventricle, pulmonary ventricle', 1, 1, '2023-01-10 08:56:04'),
(467, 25, 13, 1, 'Endocardium ', 1, 1, '2023-01-10 08:56:30'),
(468, 25, 13, 1, 'Epicardium', 1, 1, '2023-01-10 08:56:34'),
(469, 25, 13, 1, 'Pericardium', 1, 1, '2023-01-10 08:56:39'),
(470, 25, 14, 1, 'Palpitation', 1, 1, '2023-01-10 08:56:53'),
(471, 25, 14, 1, 'Distraction', 1, 1, '2023-01-10 08:56:57'),
(472, 25, 14, 1, 'Reaction', 1, 1, '2023-01-10 08:57:01'),
(473, 5, 1, 1, '1', 1, 10, '2023-01-10 09:03:16'),
(474, 5, 4, 1, 'Left atrium', 1, 10, '2023-01-10 09:03:52'),
(475, 5, 4, 1, 'Left atrium', 1, 10, '2023-01-10 09:03:59'),
(476, 5, 4, 1, 'Left atrium', 1, 10, '2023-01-10 09:04:03'),
(477, 5, 6, 1, 'Atrias', 1, 10, '2023-01-10 09:05:04'),
(478, 19, 11, 1, 'Right chamber, left chamber, down chamber , up chamber', 1, 2, '2023-01-10 09:07:23'),
(479, 19, 11, 1, 'Right chamber, left chamber, down chamber , up chamber', 1, 2, '2023-01-10 09:08:01'),
(480, 19, 11, 1, 'Right chamber, left chamber, down chamber , up chamber', 1, 2, '2023-01-10 09:08:13'),
(481, 19, 11, 1, 'Right chamber, left chamber, down chamber , up chamber', 1, 2, '2023-01-10 09:08:33'),
(482, 19, 12, 1, 'Systemic atrium, pulmonary atrium,  systemic ventricle, pulmonary ventricle', 1, 2, '2023-01-10 09:09:08'),
(483, 19, 14, 1, 'Reaction', 1, 2, '2023-01-10 09:10:07'),
(484, 19, 14, 1, 'Palpitation', 1, 2, '2023-01-10 09:10:13'),
(485, 19, 15, 1, '5', 1, 2, '2023-01-10 09:10:42'),
(486, 19, 15, 1, '2', 1, 2, '2023-01-10 09:10:52'),
(487, 19, 15, 1, '1', 1, 2, '2023-01-10 09:10:59'),
(488, 19, 15, 1, '2', 1, 2, '2023-01-10 09:11:10'),
(489, 19, 15, 1, '5', 1, 2, '2023-01-10 09:11:42'),
(490, 18, 7, 1, 'Atrium', 1, 1, '2023-01-10 10:13:02'),
(491, 18, 7, 1, 'Capillaries', 1, 1, '2023-01-10 10:13:14'),
(492, 18, 7, 1, 'Atrium', 1, 1, '2023-01-10 10:13:25'),
(493, 18, 7, 1, 'Atria', 1, 1, '2023-01-10 10:13:30'),
(494, 18, 7, 1, 'Atrium', 1, 1, '2023-01-10 10:14:47'),
(495, 18, 8, 1, '	Systemic circuit', 1, 1, '2023-01-10 10:15:01'),
(496, 18, 9, 1, 'Pulmonary capillaries', 1, 1, '2023-01-10 10:16:09'),
(497, 18, 9, 1, 'Systemic capillaries', 1, 1, '2023-01-10 10:16:12'),
(498, 18, 9, 1, 'Pulmonary capillaries', 1, 1, '2023-01-10 10:16:15'),
(499, 18, 9, 1, 'Pulmonary circuit', 1, 1, '2023-01-10 10:16:19'),
(500, 18, 9, 1, 'Pulmonary capillaries', 1, 1, '2023-01-10 10:16:22'),
(501, 18, 9, 1, 'Systemic capillaries', 1, 1, '2023-01-10 10:16:26'),
(502, 18, 14, 1, 'Palpitation', 1, 1, '2023-01-10 10:19:02'),
(503, 18, 14, 1, 'Distraction', 1, 1, '2023-01-10 10:19:06'),
(504, 18, 14, 1, 'Reaction', 1, 1, '2023-01-10 10:19:11'),
(505, 18, 14, 1, 'Distraction', 1, 1, '2023-01-10 10:19:14'),
(506, 19, 3, 1, 'Right ventricle', 1, 3, '2023-01-10 12:52:22'),
(507, 19, 3, 1, 'Left atrium', 1, 3, '2023-01-10 12:52:30'),
(508, 19, 3, 1, 'Right ventricle', 1, 3, '2023-01-10 12:52:37'),
(509, 19, 3, 1, 'Left atrium', 1, 3, '2023-01-10 12:52:50'),
(510, 19, 3, 1, 'Right atrium', 1, 3, '2023-01-10 12:52:58'),
(511, 19, 4, 1, 'Left atrium', 1, 3, '2023-01-10 12:53:18'),
(512, 19, 8, 1, '	Systemic circuit', 1, 3, '2023-01-10 12:54:28'),
(513, 19, 8, 1, 'Systemic capillaries', 1, 3, '2023-01-10 12:54:33'),
(514, 19, 8, 1, '	Systemic circuit', 1, 3, '2023-01-10 12:54:40'),
(515, 19, 10, 1, 'Pulmonary arteries', 1, 3, '2023-01-10 12:55:24'),
(516, 19, 10, 1, 'Pulmonary capillaries', 1, 3, '2023-01-10 12:55:31'),
(517, 19, 10, 1, 'Pulmonary veins', 1, 3, '2023-01-10 12:55:36'),
(518, 20, 2, 1, 'Left ventricle', 1, 1, '2023-01-10 12:59:40'),
(519, 20, 2, 1, 'Left atrium', 1, 1, '2023-01-10 12:59:44'),
(520, 20, 2, 1, 'Left atrium', 1, 1, '2023-01-10 12:59:59'),
(521, 20, 2, 1, 'Right ventricle', 1, 1, '2023-01-10 13:00:22'),
(522, 20, 3, 1, 'Right ventricle', 1, 1, '2023-01-10 13:00:35'),
(523, 20, 3, 1, 'Right atrium', 1, 1, '2023-01-10 13:00:41'),
(524, 20, 4, 1, 'Right atrium', 1, 1, '2023-01-10 13:00:57'),
(525, 20, 5, 1, 'Right atrium', 1, 1, '2023-01-10 13:01:14'),
(526, 20, 5, 1, 'Right ventricle', 1, 1, '2023-01-10 13:01:19'),
(527, 20, 5, 1, 'Left  ventricle', 1, 1, '2023-01-10 13:01:24'),
(528, 20, 7, 1, 'Atrium', 1, 1, '2023-01-10 13:02:46'),
(529, 20, 9, 1, 'Systemic capillaries', 1, 1, '2023-01-10 13:05:36'),
(530, 20, 10, 1, 'Pulmonary veins', 1, 1, '2023-01-10 13:05:50'),
(531, 21, 3, 1, 'Right ventricle', 1, 1, '2023-01-10 13:24:17'),
(532, 21, 2, 1, 'Left atrium', 1, 2, '2023-01-10 13:26:02'),
(533, 21, 2, 1, 'Left ventricle', 1, 2, '2023-01-10 13:26:08'),
(534, 21, 3, 1, 'Left atrium', 1, 2, '2023-01-10 13:26:30'),
(535, 21, 4, 1, 'Right atrium', 1, 2, '2023-01-10 13:27:00'),
(536, 21, 5, 1, 'Right atrium', 1, 2, '2023-01-10 13:27:28'),
(537, 21, 5, 1, 'Right ventricle', 1, 2, '2023-01-10 13:27:31'),
(538, 21, 7, 1, 'Atrium', 1, 2, '2023-01-10 13:28:08'),
(539, 21, 7, 1, 'Capillaries', 1, 2, '2023-01-10 13:28:12'),
(540, 22, 2, 1, 'Right ventricle', 1, 1, '2023-01-10 13:35:14'),
(541, 22, 2, 1, 'Left ventricle', 1, 1, '2023-01-10 13:35:28'),
(542, 22, 3, 1, 'Right atrium', 1, 1, '2023-01-10 13:35:42'),
(543, 22, 3, 1, 'Right atrium', 1, 1, '2023-01-10 13:36:23'),
(544, 22, 3, 1, 'Right atrium', 1, 1, '2023-01-10 13:36:26'),
(545, 22, 3, 1, 'Right atrium', 1, 1, '2023-01-10 13:36:28'),
(546, 22, 3, 1, 'Right atrium', 1, 1, '2023-01-10 13:36:39'),
(547, 22, 3, 1, 'Left atrium', 1, 1, '2023-01-10 13:36:41'),
(548, 22, 3, 1, 'Right ventricle', 1, 1, '2023-01-10 13:36:44'),
(549, 22, 4, 1, 'Left  ventricle', 1, 1, '2023-01-10 13:36:54'),
(550, 22, 5, 1, 'Left  ventricle', 1, 1, '2023-01-10 13:37:04'),
(551, 22, 7, 1, 'Capillaries', 1, 1, '2023-01-10 13:37:17'),
(552, 22, 7, 1, 'Atrium', 1, 1, '2023-01-10 13:37:20'),
(553, 22, 9, 1, 'Pulmonary capillaries', 1, 1, '2023-01-10 13:37:45'),
(554, 22, 9, 1, 'Pulmonary circuit', 1, 1, '2023-01-10 13:37:52'),
(555, 22, 11, 1, 'Pulmonary trunk, Pulmonary arteries , pulmonary capillaries, pulmonary veins', 1, 1, '2023-01-10 13:38:05'),
(556, 22, 11, 1, 'Pulmonary trunk, Pulmonary arteries , pulmonary capillaries, pulmonary veins', 1, 1, '2023-01-10 13:38:09'),
(557, 22, 14, 1, 'Distraction', 1, 1, '2023-01-10 13:38:35'),
(558, 22, 14, 1, 'Palpitation', 1, 1, '2023-01-10 13:38:38'),
(559, 22, 14, 1, 'Distraction', 1, 1, '2023-01-10 13:38:40'),
(560, 22, 15, 1, '5', 1, 1, '2023-01-10 13:38:50'),
(561, 23, 3, 1, 'Right ventricle', 1, 1, '2023-01-10 15:35:28'),
(562, 23, 3, 1, 'Left atrium', 1, 1, '2023-01-10 15:35:31'),
(563, 23, 5, 1, 'Left  ventricle', 1, 1, '2023-01-10 15:35:52'),
(564, 23, 9, 1, 'Pulmonary circuit', 1, 1, '2023-01-10 15:36:25'),
(565, 23, 9, 1, 'Systemic capillaries', 1, 1, '2023-01-10 15:36:28'),
(566, 23, 9, 1, 'Systemic capillaries', 1, 1, '2023-01-10 15:36:31'),
(567, 23, 11, 1, 'Right chamber, left chamber, down chamber , up chamber', 1, 1, '2023-01-10 15:36:55'),
(568, 23, 11, 1, 'Pulmonary trunk, Pulmonary arteries , pulmonary capillaries, pulmonary veins', 1, 1, '2023-01-10 15:36:58'),
(569, 23, 14, 1, 'Reaction', 1, 1, '2023-01-10 15:37:19'),
(570, 23, 14, 1, 'Reaction', 1, 1, '2023-01-10 15:37:22'),
(571, 23, 14, 1, 'Reaction', 1, 1, '2023-01-10 15:37:25'),
(572, 23, 15, 1, '1', 1, 1, '2023-01-10 15:37:44'),
(573, 23, 15, 1, '1', 1, 1, '2023-01-10 15:37:47'),
(574, 23, 15, 1, '1', 1, 1, '2023-01-10 15:37:50'),
(575, 24, 1, 1, '5', 1, 1, '2023-01-10 15:39:01'),
(576, 24, 1, 1, '5', 1, 1, '2023-01-10 15:39:04'),
(577, 24, 1, 1, '2', 1, 1, '2023-01-10 15:39:07'),
(578, 24, 3, 1, 'Left atrium', 1, 1, '2023-01-10 15:39:32'),
(579, 24, 4, 1, 'Right atrium', 1, 1, '2023-01-10 15:39:37'),
(580, 24, 4, 1, 'Left atrium', 1, 1, '2023-01-10 15:39:40'),
(581, 24, 4, 1, 'Left atrium', 1, 1, '2023-01-10 15:39:43'),
(582, 24, 4, 1, 'Left atrium', 1, 1, '2023-01-10 15:39:50'),
(583, 24, 4, 1, 'Left atrium', 1, 1, '2023-01-10 15:39:52'),
(584, 24, 4, 1, 'Right atrium', 1, 1, '2023-01-10 15:39:55'),
(585, 24, 5, 1, 'Right atrium', 1, 1, '2023-01-10 15:40:02'),
(586, 24, 5, 1, 'Right ventricle', 1, 1, '2023-01-10 15:40:04'),
(587, 24, 5, 1, 'Left  ventricle', 1, 1, '2023-01-10 15:40:06'),
(588, 24, 5, 1, 'Right atrium', 1, 1, '2023-01-10 15:40:09'),
(589, 24, 5, 1, 'Right atrium', 1, 1, '2023-01-10 15:40:11'),
(590, 24, 5, 1, 'Right ventricle', 1, 1, '2023-01-10 15:40:17'),
(591, 24, 5, 1, 'Left  ventricle', 1, 1, '2023-01-10 15:40:21'),
(592, 24, 6, 1, 'Atrias', 1, 1, '2023-01-10 15:40:33'),
(593, 24, 6, 1, 'Atrium', 1, 1, '2023-01-10 15:40:36'),
(594, 24, 6, 1, 'Atrium', 1, 1, '2023-01-10 15:40:39'),
(595, 24, 6, 1, 'Atrium', 1, 1, '2023-01-10 15:40:41'),
(596, 24, 6, 1, 'Atrium', 1, 1, '2023-01-10 15:40:44'),
(597, 24, 6, 1, 'Atrium', 1, 1, '2023-01-10 15:40:48'),
(598, 24, 7, 1, 'Atrium', 1, 1, '2023-01-10 15:41:02'),
(599, 24, 9, 1, 'Pulmonary capillaries', 1, 1, '2023-01-10 15:41:24'),
(600, 24, 9, 1, 'Systemic capillaries', 1, 1, '2023-01-10 15:41:27'),
(601, 24, 14, 1, 'Reaction', 1, 1, '2023-01-10 15:41:56'),
(602, 24, 14, 1, 'Reaction', 1, 1, '2023-01-10 15:41:58'),
(603, 24, 15, 1, '5', 1, 1, '2023-01-10 15:42:09'),
(604, 24, 15, 1, '2', 1, 1, '2023-01-10 15:42:12'),
(605, 24, 15, 1, '1', 1, 1, '2023-01-10 15:42:15'),
(606, 25, 1, 1, '1', 1, 2, '2023-01-10 15:43:31'),
(607, 25, 1, 1, '5', 1, 2, '2023-01-10 15:43:34'),
(608, 25, 3, 1, 'Left atrium', 1, 2, '2023-01-10 15:43:47'),
(609, 25, 3, 1, 'Left atrium', 1, 2, '2023-01-10 15:43:49'),
(610, 25, 3, 1, 'Left atrium', 1, 2, '2023-01-10 15:44:18'),
(611, 25, 3, 1, 'Left atrium', 1, 2, '2023-01-10 15:44:20'),
(612, 25, 4, 1, 'Right atrium', 1, 2, '2023-01-10 15:44:32'),
(613, 25, 6, 1, 'Atrias', 1, 2, '2023-01-10 15:44:45'),
(614, 25, 6, 1, 'Atrium', 1, 2, '2023-01-10 15:44:49'),
(615, 25, 6, 1, 'Atrium', 1, 2, '2023-01-10 15:44:52'),
(616, 25, 6, 1, 'Atriums', 1, 2, '2023-01-10 15:45:00'),
(617, 25, 7, 1, 'Capillaries', 1, 2, '2023-01-10 15:45:07'),
(618, 25, 7, 1, 'Capillaries', 1, 2, '2023-01-10 15:45:10'),
(619, 25, 7, 1, 'Capillaries', 1, 2, '2023-01-10 15:45:12'),
(620, 25, 7, 1, 'Atria', 1, 2, '2023-01-10 15:45:19'),
(621, 25, 8, 1, 'Systemic capillaries', 1, 2, '2023-01-10 15:45:26'),
(622, 25, 8, 1, 'Systemic capillaries', 1, 2, '2023-01-10 15:45:29'),
(623, 25, 8, 1, 'Systemic capillaries', 1, 2, '2023-01-10 15:45:31'),
(624, 25, 9, 1, 'Pulmonary circuit', 1, 2, '2023-01-10 15:45:47'),
(625, 25, 10, 1, 'Pulmonary capillaries', 1, 2, '2023-01-10 15:45:53'),
(626, 25, 10, 1, 'Pulmonary arteries', 1, 2, '2023-01-10 15:45:58'),
(627, 25, 10, 1, 'Pulmonary veins', 1, 2, '2023-01-10 15:46:02'),
(628, 25, 11, 1, 'Systemic atrium, pulmonary atrium,  systemic ventricle, pulmonary ventricle', 1, 2, '2023-01-10 15:46:12'),
(629, 25, 11, 1, 'Pulmonary trunk, Pulmonary arteries , pulmonary capillaries, pulmonary veins', 1, 2, '2023-01-10 15:46:14'),
(630, 25, 12, 1, 'Systemic atrium, pulmonary atrium,  systemic ventricle, pulmonary ventricle', 1, 2, '2023-01-10 15:46:19'),
(631, 25, 12, 1, 'Capillaries, atrium , veins , chamber', 1, 2, '2023-01-10 15:46:23'),
(632, 25, 12, 1, 'Right chamber, left chamber, down chamber , up chamber', 1, 2, '2023-01-10 15:46:25'),
(633, 25, 13, 1, 'Pericardium', 1, 2, '2023-01-10 15:46:39'),
(634, 25, 13, 1, 'Endocardium ', 1, 2, '2023-01-10 15:46:42'),
(635, 25, 13, 1, 'Endocardium ', 1, 2, '2023-01-10 15:46:45'),
(636, 25, 14, 1, 'Distraction', 1, 2, '2023-01-10 15:46:58'),
(637, 25, 14, 1, 'Palpitation', 1, 2, '2023-01-10 15:47:03'),
(638, 25, 15, 1, '5', 1, 2, '2023-01-10 15:47:16'),
(639, 25, 15, 1, '1', 1, 2, '2023-01-10 15:47:26'),
(640, 25, 15, 1, '1', 1, 2, '2023-01-10 15:47:30'),
(641, 26, 4, 1, 'Right atrium', 1, 1, '2023-01-10 15:49:07'),
(642, 26, 5, 1, 'Left  ventricle', 1, 1, '2023-01-10 15:49:19'),
(643, 26, 9, 1, 'Pulmonary circuit', 1, 1, '2023-01-10 15:49:43'),
(644, 26, 11, 1, 'Systemic atrium, pulmonary atrium,  systemic ventricle, pulmonary ventricle', 1, 1, '2023-01-10 15:49:56'),
(645, 26, 11, 1, 'Pulmonary trunk, Pulmonary arteries , pulmonary capillaries, pulmonary veins', 1, 1, '2023-01-10 15:49:58'),
(646, 26, 11, 1, 'Right chamber, left chamber, down chamber , up chamber', 1, 1, '2023-01-10 15:50:02'),
(647, 26, 12, 1, 'Systemic atrium, pulmonary atrium,  systemic ventricle, pulmonary ventricle', 1, 1, '2023-01-10 15:50:12'),
(648, 26, 12, 1, 'Capillaries, atrium , veins , chamber', 1, 1, '2023-01-10 15:50:14'),
(649, 26, 12, 1, 'Right chamber, left chamber, down chamber , up chamber', 1, 1, '2023-01-10 15:50:16'),
(650, 27, 2, 1, 'Left ventricle', 1, 1, '2023-01-10 15:52:36'),
(651, 27, 2, 1, 'Left atrium', 1, 1, '2023-01-10 15:52:38'),
(652, 27, 2, 1, 'Left atrium', 1, 1, '2023-01-10 15:52:40'),
(653, 27, 3, 1, 'Left atrium', 1, 1, '2023-01-10 15:52:53'),
(654, 27, 3, 1, 'Right atrium', 1, 1, '2023-01-10 15:52:54'),
(655, 27, 7, 1, 'Atrium', 1, 1, '2023-01-10 15:53:10'),
(656, 27, 7, 1, 'Capillaries', 1, 1, '2023-01-10 15:53:11'),
(657, 27, 7, 1, 'Atrium', 1, 1, '2023-01-10 15:53:14'),
(658, 27, 12, 1, 'Systemic atrium, pulmonary atrium,  systemic ventricle, pulmonary ventricle', 1, 1, '2023-01-10 15:53:30'),
(659, 27, 12, 1, 'Right chamber, left chamber, down chamber , up chamber', 1, 1, '2023-01-10 15:53:32'),
(660, 27, 12, 1, 'Right chamber, left chamber, down chamber , up chamber', 1, 1, '2023-01-10 15:53:36'),
(661, 27, 12, 1, 'Right chamber, left chamber, down chamber , up chamber', 1, 1, '2023-01-10 15:53:40'),
(662, 27, 13, 1, 'Pericardium', 1, 1, '2023-01-10 15:53:45'),
(663, 27, 14, 1, 'Palpitation', 1, 1, '2023-01-10 15:53:49'),
(664, 27, 14, 1, 'Reaction', 1, 1, '2023-01-10 15:53:51'),
(665, 27, 14, 1, 'Distraction', 1, 1, '2023-01-10 15:53:53'),
(666, 28, 2, 1, 'Right ventricle', 1, 1, '2023-01-10 15:55:00'),
(667, 28, 5, 1, 'Right atrium', 1, 1, '2023-01-10 15:55:16'),
(668, 28, 5, 1, 'Right ventricle', 1, 1, '2023-01-10 15:55:19'),
(669, 28, 5, 1, 'Right atrium', 1, 1, '2023-01-10 15:55:22'),
(670, 28, 5, 1, 'Right ventricle', 1, 1, '2023-01-10 15:55:27'),
(671, 28, 5, 1, 'Left  ventricle', 1, 1, '2023-01-10 15:55:32'),
(672, 28, 5, 1, 'Right atrium', 1, 1, '2023-01-10 15:55:36'),
(673, 28, 5, 1, 'Right ventricle', 1, 1, '2023-01-10 15:55:38'),
(674, 28, 14, 1, 'Reaction', 1, 1, '2023-01-10 15:56:09'),
(675, 28, 14, 1, 'Reaction', 1, 1, '2023-01-10 15:56:21'),
(676, 28, 14, 1, 'Reaction', 1, 1, '2023-01-10 15:56:24'),
(677, 28, 15, 1, '5', 1, 1, '2023-01-10 15:56:35'),
(678, 28, 15, 1, '2', 1, 1, '2023-01-10 15:56:36'),
(679, 29, 2, 1, 'Right ventricle', 1, 1, '2023-01-10 15:57:30'),
(680, 29, 3, 1, 'Left atrium', 1, 1, '2023-01-10 15:57:37'),
(681, 29, 4, 1, 'Left atrium', 1, 1, '2023-01-10 15:57:43'),
(682, 29, 4, 1, 'Right atrium', 1, 1, '2023-01-10 15:57:45'),
(683, 30, 1, 1, '5', 1, 1, '2023-01-10 15:59:35'),
(684, 30, 1, 1, '5', 1, 1, '2023-01-10 15:59:36'),
(685, 30, 1, 1, '2', 1, 1, '2023-01-10 15:59:40'),
(686, 30, 2, 1, 'Left ventricle', 1, 1, '2023-01-10 15:59:47'),
(687, 30, 2, 1, 'Left atrium', 1, 1, '2023-01-10 15:59:49'),
(688, 30, 3, 1, 'Right atrium', 1, 1, '2023-01-10 15:59:54'),
(689, 30, 3, 1, 'Left atrium', 1, 1, '2023-01-10 15:59:56'),
(690, 30, 3, 1, 'Right atrium', 1, 1, '2023-01-10 16:00:00'),
(691, 30, 4, 1, 'Right atrium', 1, 1, '2023-01-10 16:00:03'),
(692, 30, 4, 1, 'Left atrium', 1, 1, '2023-01-10 16:00:05'),
(693, 30, 4, 1, 'Left atrium', 1, 1, '2023-01-10 16:00:07'),
(694, 30, 5, 1, 'Right atrium', 1, 1, '2023-01-10 16:00:12'),
(695, 30, 5, 1, 'Right ventricle', 1, 1, '2023-01-10 16:00:14'),
(696, 30, 5, 1, 'Left  ventricle', 1, 1, '2023-01-10 16:00:16'),
(697, 30, 6, 1, 'Atrias', 1, 1, '2023-01-10 16:00:21'),
(698, 30, 6, 1, 'Atriums', 1, 1, '2023-01-10 16:00:22'),
(699, 30, 7, 1, 'Capillaries', 1, 1, '2023-01-10 16:00:26'),
(700, 30, 9, 1, 'Pulmonary capillaries', 1, 1, '2023-01-10 16:00:30'),
(701, 30, 9, 1, 'Systemic capillaries', 1, 1, '2023-01-10 16:00:31'),
(702, 30, 10, 1, 'Pulmonary arteries', 1, 1, '2023-01-10 16:00:33'),
(703, 30, 10, 1, 'Pulmonary arteries', 1, 1, '2023-01-10 16:00:37'),
(704, 30, 10, 1, 'Pulmonary capillaries', 1, 1, '2023-01-10 16:00:38'),
(705, 30, 10, 1, 'Pulmonary capillaries', 1, 1, '2023-01-10 16:00:42'),
(706, 30, 11, 1, 'Systemic atrium, pulmonary atrium,  systemic ventricle, pulmonary ventricle', 1, 1, '2023-01-10 16:00:46'),
(707, 30, 11, 1, 'Right chamber, left chamber, down chamber , up chamber', 1, 1, '2023-01-10 16:00:47'),
(708, 30, 11, 1, 'Systemic atrium, pulmonary atrium,  systemic ventricle, pulmonary ventricle', 1, 1, '2023-01-10 16:00:48'),
(709, 30, 12, 1, 'Capillaries, atrium , veins , chamber', 1, 1, '2023-01-10 16:00:50'),
(710, 30, 12, 1, 'Capillaries, atrium , veins , chamber', 1, 1, '2023-01-10 16:00:52'),
(711, 30, 12, 1, 'Systemic atrium, pulmonary atrium,  systemic ventricle, pulmonary ventricle', 1, 1, '2023-01-10 16:00:53'),
(712, 30, 14, 1, 'Distraction', 1, 1, '2023-01-10 16:00:58'),
(713, 30, 14, 1, 'Reaction', 1, 1, '2023-01-10 16:01:00'),
(714, 30, 14, 1, 'Distraction', 1, 1, '2023-01-10 16:01:01'),
(715, 30, 15, 1, '2', 1, 1, '2023-01-10 16:01:12'),
(716, 30, 15, 1, '2', 1, 1, '2023-01-10 16:01:14'),
(717, 31, 1, 1, '1', 1, 1, '2023-01-10 16:01:56'),
(718, 31, 1, 1, '2', 1, 1, '2023-01-10 16:01:58'),
(719, 31, 1, 1, '2', 1, 1, '2023-01-10 16:02:00'),
(720, 31, 1, 1, '1', 1, 1, '2023-01-10 16:02:15'),
(721, 31, 3, 1, 'Left atrium', 1, 1, '2023-01-10 16:02:45'),
(722, 31, 3, 1, 'Left atrium', 1, 1, '2023-01-10 16:02:48'),
(723, 31, 3, 1, 'Left atrium', 1, 1, '2023-01-10 16:02:49'),
(724, 31, 3, 1, 'Right ventricle', 1, 1, '2023-01-10 16:02:54'),
(725, 31, 3, 1, 'Right atrium', 1, 1, '2023-01-10 16:02:55'),
(726, 31, 4, 1, 'Right atrium', 1, 1, '2023-01-10 16:02:58'),
(727, 31, 4, 1, 'Left  ventricle', 1, 1, '2023-01-10 16:03:01'),
(728, 31, 4, 1, 'Right atrium', 1, 1, '2023-01-10 16:03:02'),
(729, 31, 4, 1, 'Left atrium', 1, 1, '2023-01-10 16:03:06'),
(730, 31, 4, 1, 'Left atrium', 1, 1, '2023-01-10 16:03:07'),
(731, 31, 5, 1, 'Right atrium', 1, 1, '2023-01-10 16:03:13'),
(732, 31, 5, 1, 'Right atrium', 1, 1, '2023-01-10 16:03:14'),
(733, 31, 12, 1, 'Capillaries, atrium , veins , chamber', 1, 1, '2023-01-10 16:03:32'),
(734, 32, 2, 1, 'Right ventricle', 1, 1, '2023-01-10 16:05:11'),
(735, 32, 2, 1, 'Left atrium', 1, 1, '2023-01-10 16:05:13'),
(736, 32, 2, 1, 'Left ventricle', 1, 1, '2023-01-10 16:05:14'),
(737, 32, 3, 1, 'Right ventricle', 1, 1, '2023-01-10 16:05:18'),
(738, 32, 3, 1, 'Right ventricle', 1, 1, '2023-01-10 16:05:20'),
(739, 32, 3, 1, 'Left atrium', 1, 1, '2023-01-10 16:05:24'),
(740, 32, 5, 1, 'Right ventricle', 1, 1, '2023-01-10 16:05:37'),
(741, 32, 5, 1, 'Right atrium', 1, 1, '2023-01-10 16:05:40'),
(742, 32, 7, 1, 'Atria', 1, 1, '2023-01-10 16:05:48'),
(743, 32, 7, 1, 'Capillaries', 1, 1, '2023-01-10 16:05:50'),
(744, 32, 11, 1, 'Pulmonary trunk, Pulmonary arteries , pulmonary capillaries, pulmonary veins', 1, 1, '2023-01-10 16:06:00'),
(745, 32, 11, 1, 'Pulmonary trunk, Pulmonary arteries , pulmonary capillaries, pulmonary veins', 1, 1, '2023-01-10 16:06:01'),
(746, 32, 11, 1, 'Right chamber, left chamber, down chamber , up chamber', 1, 1, '2023-01-10 16:06:02'),
(747, 32, 14, 1, 'Palpitation', 1, 1, '2023-01-10 16:06:12'),
(748, 32, 14, 1, 'Reaction', 1, 1, '2023-01-10 16:06:13'),
(749, 33, 2, 1, 'Right ventricle', 1, 1, '2023-01-10 16:07:08'),
(750, 33, 3, 1, 'Left atrium', 1, 1, '2023-01-10 16:07:16'),
(751, 33, 4, 1, 'Right atrium', 1, 1, '2023-01-10 16:07:19'),
(752, 33, 5, 1, 'Right atrium', 1, 1, '2023-01-10 16:07:23'),
(753, 33, 5, 1, 'Right ventricle', 1, 1, '2023-01-10 16:07:25'),
(754, 33, 5, 1, 'Left  ventricle', 1, 1, '2023-01-10 16:07:26'),
(755, 33, 6, 1, 'Atrias', 1, 1, '2023-01-10 16:07:31'),
(756, 33, 6, 1, 'Atrium', 1, 1, '2023-01-10 16:07:34'),
(757, 33, 6, 1, 'Atrium', 1, 1, '2023-01-10 16:07:36'),
(758, 33, 7, 1, 'Atria', 1, 1, '2023-01-10 16:07:41'),
(759, 33, 7, 1, 'Capillaries', 1, 1, '2023-01-10 16:07:43'),
(760, 33, 7, 1, 'Atrium', 1, 1, '2023-01-10 16:07:46'),
(761, 33, 8, 1, 'Pulmonary capillaries', 1, 1, '2023-01-10 16:07:52'),
(762, 33, 9, 1, 'Systemic capillaries', 1, 1, '2023-01-10 16:07:55'),
(763, 33, 9, 1, 'Systemic capillaries', 1, 1, '2023-01-10 16:07:56'),
(764, 33, 9, 1, 'Systemic capillaries', 1, 1, '2023-01-10 16:07:57'),
(765, 33, 10, 1, 'Pulmonary capillaries', 1, 1, '2023-01-10 16:08:03'),
(766, 33, 10, 1, 'Pulmonary arteries', 1, 1, '2023-01-10 16:08:05'),
(767, 33, 10, 1, 'Pulmonary veins', 1, 1, '2023-01-10 16:08:06'),
(768, 33, 11, 1, 'Systemic atrium, pulmonary atrium,  systemic ventricle, pulmonary ventricle', 1, 1, '2023-01-10 16:08:12'),
(769, 33, 11, 1, 'Pulmonary trunk, Pulmonary arteries , pulmonary capillaries, pulmonary veins', 1, 1, '2023-01-10 16:08:13'),
(770, 33, 11, 1, 'Right chamber, left chamber, down chamber , up chamber', 1, 1, '2023-01-10 16:08:15'),
(771, 33, 12, 1, 'Systemic atrium, pulmonary atrium,  systemic ventricle, pulmonary ventricle', 1, 1, '2023-01-10 16:08:20'),
(772, 33, 12, 1, 'Right chamber, left chamber, down chamber , up chamber', 1, 1, '2023-01-10 16:08:21'),
(773, 33, 12, 1, 'Right chamber, left chamber, down chamber , up chamber', 1, 1, '2023-01-10 16:08:23'),
(774, 33, 13, 1, 'Endocardium ', 1, 1, '2023-01-10 16:08:30'),
(775, 33, 13, 1, 'Endocardium ', 1, 1, '2023-01-10 16:08:31'),
(776, 33, 13, 1, 'Epicardium', 1, 1, '2023-01-10 16:08:33'),
(777, 33, 14, 1, 'Palpitation', 1, 1, '2023-01-10 16:08:39'),
(778, 33, 14, 1, 'Reaction', 1, 1, '2023-01-10 16:08:40'),
(779, 33, 14, 1, 'Reaction', 1, 1, '2023-01-10 16:08:41'),
(780, 33, 15, 1, '5', 1, 1, '2023-01-10 16:08:51'),
(781, 33, 15, 1, '1', 1, 1, '2023-01-10 16:08:57'),
(782, 33, 15, 1, '1', 1, 1, '2023-01-10 16:08:59'),
(783, 34, 1, 1, '1', 1, 1, '2023-01-10 16:09:42'),
(784, 34, 1, 1, '2', 1, 1, '2023-01-10 16:09:52'),
(785, 34, 1, 1, '2', 1, 1, '2023-01-10 16:09:53'),
(786, 34, 3, 1, 'Right atrium', 1, 1, '2023-01-10 16:10:15'),
(787, 34, 3, 1, 'Right ventricle', 1, 1, '2023-01-10 16:10:16'),
(788, 34, 3, 1, 'Right atrium', 1, 1, '2023-01-10 16:10:19'),
(789, 34, 3, 1, 'Right ventricle', 1, 1, '2023-01-10 16:10:21'),
(790, 34, 3, 1, 'Right ventricle', 1, 1, '2023-01-10 16:10:23'),
(791, 34, 3, 1, 'Right ventricle', 1, 1, '2023-01-10 16:10:27'),
(792, 34, 3, 1, 'Right ventricle', 1, 1, '2023-01-10 16:10:29'),
(793, 34, 3, 1, 'Right atrium', 1, 1, '2023-01-10 16:10:33'),
(794, 34, 5, 1, 'Right atrium', 1, 1, '2023-01-10 16:10:40'),
(795, 34, 5, 1, 'Right ventricle', 1, 1, '2023-01-10 16:10:42'),
(796, 34, 5, 1, 'Left  ventricle', 1, 1, '2023-01-10 16:10:43'),
(797, 34, 6, 1, 'Atrias', 1, 1, '2023-01-10 16:10:48'),
(798, 34, 7, 1, 'Capillaries', 1, 1, '2023-01-10 16:10:52'),
(799, 34, 7, 1, 'Capillaries', 1, 1, '2023-01-10 16:10:54'),
(800, 34, 7, 1, 'Capillaries', 1, 1, '2023-01-10 16:10:55'),
(801, 34, 7, 1, 'Capillaries', 1, 1, '2023-01-10 16:10:58'),
(802, 34, 7, 1, 'Capillaries', 1, 1, '2023-01-10 16:11:00'),
(803, 34, 7, 1, 'Capillaries', 1, 1, '2023-01-10 16:11:02'),
(804, 34, 8, 1, 'Systemic capillaries', 1, 1, '2023-01-10 16:11:06'),
(805, 34, 8, 1, 'Systemic capillaries', 1, 1, '2023-01-10 16:11:07'),
(806, 34, 8, 1, 'Systemic capillaries', 1, 1, '2023-01-10 16:11:08'),
(807, 34, 8, 1, 'Pulmonary capillaries', 1, 1, '2023-01-10 16:11:13'),
(808, 34, 9, 1, 'Systemic capillaries', 1, 1, '2023-01-10 16:11:16'),
(809, 34, 9, 1, 'Systemic capillaries', 1, 1, '2023-01-10 16:11:17'),
(810, 34, 9, 1, 'Systemic capillaries', 1, 1, '2023-01-10 16:11:19'),
(811, 34, 10, 1, 'Pulmonary capillaries', 1, 1, '2023-01-10 16:11:26'),
(812, 34, 10, 1, 'Pulmonary arteries', 1, 1, '2023-01-10 16:11:28'),
(813, 34, 11, 1, 'Right chamber, left chamber, down chamber , up chamber', 1, 1, '2023-01-10 16:11:30'),
(814, 34, 11, 1, 'Pulmonary trunk, Pulmonary arteries , pulmonary capillaries, pulmonary veins', 1, 1, '2023-01-10 16:11:31'),
(815, 34, 12, 1, 'Systemic atrium, pulmonary atrium,  systemic ventricle, pulmonary ventricle', 1, 1, '2023-01-10 16:11:33'),
(816, 34, 12, 1, 'Capillaries, atrium , veins , chamber', 1, 1, '2023-01-10 16:11:34'),
(817, 34, 13, 1, 'Pericardium', 1, 1, '2023-01-10 16:11:39'),
(818, 34, 14, 1, 'Distraction', 1, 1, '2023-01-10 16:11:42'),
(819, 34, 14, 1, 'Palpitation', 1, 1, '2023-01-10 16:11:43'),
(820, 34, 14, 1, 'Reaction', 1, 1, '2023-01-10 16:11:44'),
(821, 34, 14, 1, 'Distraction', 1, 1, '2023-01-10 16:11:49'),
(822, 34, 15, 1, '5', 1, 1, '2023-01-10 16:11:55'),
(823, 34, 15, 1, '2', 1, 1, '2023-01-10 16:11:56'),
(824, 34, 15, 1, '1', 1, 1, '2023-01-10 16:12:01'),
(825, 34, 15, 1, '5', 1, 1, '2023-01-10 16:12:05'),
(826, 35, 2, 1, 'Right ventricle', 1, 1, '2023-01-10 16:12:59'),
(827, 35, 2, 1, 'Right ventricle', 1, 1, '2023-01-10 16:13:00'),
(828, 35, 2, 1, 'Left atrium', 1, 1, '2023-01-10 16:13:01'),
(829, 35, 2, 1, 'Left atrium', 1, 1, '2023-01-10 16:13:03'),
(830, 35, 2, 1, 'Right ventricle', 1, 1, '2023-01-10 16:13:08'),
(831, 35, 3, 1, 'Right atrium', 1, 1, '2023-01-10 16:13:12'),
(832, 35, 3, 1, 'Left atrium', 1, 1, '2023-01-10 16:13:15'),
(833, 35, 3, 1, 'Left atrium', 1, 1, '2023-01-10 16:13:17'),
(834, 35, 3, 1, 'Right atrium', 1, 1, '2023-01-10 16:13:21'),
(835, 35, 3, 1, 'Right ventricle', 1, 1, '2023-01-10 16:13:23'),
(836, 35, 5, 1, 'Right ventricle', 1, 1, '2023-01-10 16:13:29'),
(837, 35, 5, 1, 'Right ventricle', 1, 1, '2023-01-10 16:13:31'),
(838, 35, 14, 1, 'Distraction', 1, 1, '2023-01-10 16:13:51'),
(839, 35, 14, 1, 'Palpitation', 1, 1, '2023-01-10 16:13:52'),
(840, 35, 14, 1, 'Reaction', 1, 1, '2023-01-10 16:13:54'),
(841, 35, 14, 1, 'Reaction', 1, 1, '2023-01-10 16:13:57'),
(842, 35, 14, 1, 'Reaction', 1, 1, '2023-01-10 16:13:59'),
(843, 35, 15, 1, '5', 1, 1, '2023-01-10 16:14:06'),
(844, 35, 15, 1, '1', 1, 1, '2023-01-10 16:14:07'),
(845, 36, 2, 1, 'Left ventricle', 1, 1, '2023-01-10 16:15:08'),
(846, 36, 2, 1, 'Right ventricle', 1, 1, '2023-01-10 16:15:10'),
(847, 36, 3, 1, 'Right ventricle', 1, 1, '2023-01-10 16:15:13'),
(848, 36, 3, 1, 'Right ventricle', 1, 1, '2023-01-10 16:15:14'),
(849, 36, 3, 1, 'Left atrium', 1, 1, '2023-01-10 16:15:16'),
(850, 36, 4, 1, 'Right atrium', 1, 1, '2023-01-10 16:15:20'),
(851, 36, 4, 1, 'Left atrium', 1, 1, '2023-01-10 16:15:22'),
(852, 36, 4, 1, 'Right atrium', 1, 1, '2023-01-10 16:15:23'),
(853, 36, 5, 1, 'Right ventricle', 1, 1, '2023-01-10 16:15:32'),
(854, 36, 14, 1, 'Palpitation', 1, 1, '2023-01-10 16:15:56'),
(855, 36, 14, 1, 'Palpitation', 1, 1, '2023-01-10 16:15:57'),
(856, 36, 14, 1, 'Reaction', 1, 1, '2023-01-10 16:15:59'),
(857, 36, 14, 1, 'Distraction', 1, 1, '2023-01-10 16:16:02'),
(858, 36, 15, 1, '5', 1, 1, '2023-01-10 16:16:07'),
(859, 36, 15, 1, '2', 1, 1, '2023-01-10 16:16:10'),
(860, 36, 15, 1, '1', 1, 1, '2023-01-10 16:16:11'),
(861, 36, 15, 1, '2', 1, 1, '2023-01-10 16:16:17'),
(862, 37, 1, 1, '1', 1, 1, '2023-01-10 16:17:12'),
(863, 37, 3, 1, 'Right atrium', 1, 1, '2023-01-10 16:17:18'),
(864, 37, 3, 1, 'Right ventricle', 1, 1, '2023-01-10 16:17:19'),
(865, 37, 4, 1, 'Right atrium', 1, 1, '2023-01-10 16:17:22'),
(866, 37, 5, 1, 'Right atrium', 1, 1, '2023-01-10 16:17:25'),
(867, 37, 5, 1, 'Right ventricle', 1, 1, '2023-01-10 16:17:26'),
(868, 37, 5, 1, 'Left  ventricle', 1, 1, '2023-01-10 16:17:27'),
(869, 37, 5, 1, 'Right atrium', 1, 1, '2023-01-10 16:17:29'),
(870, 37, 5, 1, 'Right atrium', 1, 1, '2023-01-10 16:17:30'),
(871, 37, 6, 1, 'Atrias', 1, 1, '2023-01-10 16:17:35'),
(872, 37, 7, 1, 'Atria', 1, 1, '2023-01-10 16:17:40'),
(873, 37, 8, 1, 'Systemic capillaries', 1, 1, '2023-01-10 16:17:43'),
(874, 37, 9, 1, 'Systemic capillaries', 1, 1, '2023-01-10 16:17:45'),
(875, 37, 9, 1, 'Pulmonary capillaries', 1, 1, '2023-01-10 16:17:47'),
(876, 37, 10, 1, 'Pulmonary capillaries', 1, 1, '2023-01-10 16:17:52'),
(877, 37, 10, 1, 'Pulmonary veins', 1, 1, '2023-01-10 16:17:55'),
(878, 37, 10, 1, 'Pulmonary veins', 1, 1, '2023-01-10 16:17:57'),
(879, 37, 14, 1, 'Distraction', 1, 1, '2023-01-10 16:18:07'),
(880, 37, 14, 1, 'Reaction', 1, 1, '2023-01-10 16:18:08'),
(881, 37, 14, 1, 'Distraction', 1, 1, '2023-01-10 16:18:12'),
(882, 37, 14, 1, 'Distraction', 1, 1, '2023-01-10 16:18:13'),
(883, 37, 15, 1, '1', 1, 1, '2023-01-10 16:18:19'),
(884, 37, 15, 1, '2', 1, 1, '2023-01-10 16:18:22'),
(885, 37, 15, 1, '1', 1, 1, '2023-01-10 16:18:25'),
(886, 38, 2, 1, 'Right ventricle', 1, 1, '2023-01-10 16:19:35'),
(887, 38, 2, 1, 'Right ventricle', 1, 1, '2023-01-10 16:19:37'),
(888, 38, 2, 1, 'Left atrium', 1, 1, '2023-01-10 16:19:39'),
(889, 38, 2, 1, 'Right ventricle', 1, 1, '2023-01-10 16:19:40'),
(890, 38, 2, 1, 'Left ventricle', 1, 1, '2023-01-10 16:19:44'),
(891, 38, 3, 1, 'Right atrium', 1, 1, '2023-01-10 16:19:49'),
(892, 38, 3, 1, 'Right ventricle', 1, 1, '2023-01-10 16:19:50'),
(893, 38, 4, 1, 'Right atrium', 1, 1, '2023-01-10 16:19:54'),
(894, 38, 5, 1, 'Right atrium', 1, 1, '2023-01-10 16:19:57'),
(895, 38, 5, 1, 'Right ventricle', 1, 1, '2023-01-10 16:20:00'),
(896, 38, 5, 1, 'Left  ventricle', 1, 1, '2023-01-10 16:20:02'),
(897, 38, 6, 1, 'Atrias', 1, 1, '2023-01-10 16:20:05'),
(898, 38, 6, 1, 'Atrium', 1, 1, '2023-01-10 16:20:06'),
(899, 38, 6, 1, 'Atrias', 1, 1, '2023-01-10 16:20:08'),
(900, 38, 8, 1, 'Pulmonary capillaries', 1, 1, '2023-01-10 16:20:18'),
(901, 38, 8, 1, '	Systemic circuit', 1, 1, '2023-01-10 16:20:19'),
(902, 38, 8, 1, '	Systemic circuit', 1, 1, '2023-01-10 16:20:23'),
(903, 38, 8, 1, '	Systemic circuit', 1, 1, '2023-01-10 16:20:27'),
(904, 39, 2, 1, 'Right ventricle', 1, 1, '2023-01-10 16:21:42'),
(905, 39, 2, 1, 'Right ventricle', 1, 1, '2023-01-10 16:21:44'),
(906, 39, 4, 1, 'Left  ventricle', 1, 1, '2023-01-10 16:21:53'),
(907, 39, 4, 1, 'Right atrium', 1, 1, '2023-01-10 16:21:57'),
(908, 39, 5, 1, 'Right ventricle', 1, 1, '2023-01-10 16:22:01'),
(909, 39, 5, 1, 'Right ventricle', 1, 1, '2023-01-10 16:22:03'),
(910, 39, 5, 1, 'Left  ventricle', 1, 1, '2023-01-10 16:22:06'),
(911, 39, 7, 1, 'Atria', 1, 1, '2023-01-10 16:22:16'),
(912, 39, 7, 1, 'Capillaries', 1, 1, '2023-01-10 16:22:18'),
(913, 39, 7, 1, 'Capillaries', 1, 1, '2023-01-10 16:22:20'),
(914, 39, 9, 1, 'Pulmonary capillaries', 1, 1, '2023-01-10 16:22:28'),
(915, 39, 9, 1, 'Pulmonary circuit', 1, 1, '2023-01-10 16:22:29'),
(916, 39, 10, 1, 'Pulmonary capillaries', 1, 1, '2023-01-10 16:22:33'),
(917, 39, 10, 1, 'Pulmonary arteries', 1, 1, '2023-01-10 16:22:34'),
(918, 39, 11, 1, 'Systemic atrium, pulmonary atrium,  systemic ventricle, pulmonary ventricle', 1, 1, '2023-01-10 16:22:36'),
(919, 39, 11, 1, 'Pulmonary trunk, Pulmonary arteries , pulmonary capillaries, pulmonary veins', 1, 1, '2023-01-10 16:22:37'),
(920, 39, 12, 1, 'Systemic atrium, pulmonary atrium,  systemic ventricle, pulmonary ventricle', 1, 1, '2023-01-10 16:22:40'),
(921, 39, 12, 1, 'Capillaries, atrium , veins , chamber', 1, 1, '2023-01-10 16:22:41'),
(922, 39, 13, 1, 'Pericardium', 1, 1, '2023-01-10 16:22:44'),
(923, 39, 14, 1, 'Reaction', 1, 1, '2023-01-10 16:22:48'),
(924, 39, 14, 1, 'Palpitation', 1, 1, '2023-01-10 16:22:49'),
(925, 39, 14, 1, 'Distraction', 1, 1, '2023-01-10 16:22:51'),
(926, 46, 2, 1, 'Left ventricle', 1, 1, '2023-01-10 16:23:44'),
(927, 46, 2, 1, 'Left ventricle', 1, 1, '2023-01-10 16:23:46'),
(928, 46, 2, 1, 'Left ventricle', 1, 1, '2023-01-10 16:23:47'),
(929, 46, 2, 1, 'Left atrium', 1, 1, '2023-01-10 16:23:49'),
(930, 46, 2, 1, 'Right ventricle', 1, 1, '2023-01-10 16:23:54'),
(931, 46, 3, 1, 'Right ventricle', 1, 1, '2023-01-10 16:23:58'),
(932, 46, 3, 1, 'Right ventricle', 1, 1, '2023-01-10 16:23:59'),
(933, 46, 4, 1, 'Right atrium', 1, 1, '2023-01-10 16:24:02'),
(934, 46, 5, 1, 'Right atrium', 1, 1, '2023-01-10 16:24:05'),
(935, 46, 5, 1, 'Right ventricle', 1, 1, '2023-01-10 16:24:06'),
(936, 46, 5, 1, 'Left  ventricle', 1, 1, '2023-01-10 16:24:08'),
(937, 46, 5, 1, 'Right atrium', 1, 1, '2023-01-10 16:24:11'),
(938, 46, 6, 1, 'Atrias', 1, 1, '2023-01-10 16:24:14'),
(939, 46, 7, 1, 'Atria', 1, 1, '2023-01-10 16:24:17'),
(940, 46, 8, 1, 'Pulmonary capillaries', 1, 1, '2023-01-10 16:24:20'),
(941, 46, 9, 1, 'Pulmonary capillaries', 1, 1, '2023-01-10 16:24:23'),
(942, 46, 9, 1, 'Pulmonary circuit', 1, 1, '2023-01-10 16:24:24'),
(943, 46, 10, 1, 'Pulmonary capillaries', 1, 1, '2023-01-10 16:24:27'),
(944, 46, 10, 1, 'Pulmonary arteries', 1, 1, '2023-01-10 16:24:30'),
(945, 40, 1, 1, '5', 1, 1, '2023-01-10 16:25:03'),
(946, 40, 2, 1, 'Right ventricle', 1, 1, '2023-01-10 16:25:07'),
(947, 40, 2, 1, 'Left ventricle', 1, 1, '2023-01-10 16:25:10'),
(948, 40, 2, 1, 'Left atrium', 1, 1, '2023-01-10 16:25:11'),
(949, 40, 3, 1, 'Right ventricle', 1, 1, '2023-01-10 16:25:18'),
(950, 40, 3, 1, 'Left atrium', 1, 1, '2023-01-10 16:25:20'),
(951, 40, 5, 1, 'Right ventricle', 1, 1, '2023-01-10 16:25:30'),
(952, 40, 5, 1, 'Right ventricle', 1, 1, '2023-01-10 16:25:31'),
(953, 40, 5, 1, 'Right atrium', 1, 1, '2023-01-10 16:25:33'),
(954, 40, 15, 1, '5', 1, 1, '2023-01-10 16:26:00'),
(955, 40, 15, 1, '2', 1, 1, '2023-01-10 16:26:03'),
(956, 41, 2, 1, 'Right ventricle', 1, 1, '2023-01-10 16:28:16'),
(957, 41, 2, 1, 'Left ventricle', 1, 1, '2023-01-10 16:28:18'),
(958, 41, 2, 1, 'Left ventricle', 1, 1, '2023-01-10 16:28:20'),
(959, 41, 5, 1, 'Right atrium', 1, 1, '2023-01-10 16:28:32'),
(960, 41, 5, 1, 'Right ventricle', 1, 1, '2023-01-10 16:28:34'),
(961, 41, 5, 1, 'Left  ventricle', 1, 1, '2023-01-10 16:28:35'),
(962, 41, 5, 1, 'Right atrium', 1, 1, '2023-01-10 16:28:37'),
(963, 41, 5, 1, 'Right atrium', 1, 1, '2023-01-10 16:28:40'),
(964, 41, 5, 1, 'Left  ventricle', 1, 1, '2023-01-10 16:28:44'),
(965, 41, 7, 1, 'Atrium', 1, 1, '2023-01-10 16:28:51'),
(966, 41, 8, 1, 'Pulmonary capillaries', 1, 1, '2023-01-10 16:28:55'),
(967, 41, 8, 1, 'Systemic capillaries', 1, 1, '2023-01-10 16:28:56'),
(968, 41, 8, 1, 'Pulmonary capillaries', 1, 1, '2023-01-10 16:28:57'),
(969, 41, 8, 1, '	Systemic circuit', 1, 1, '2023-01-10 16:29:01'),
(970, 41, 14, 1, 'Palpitation', 1, 1, '2023-01-10 16:29:15'),
(971, 42, 2, 1, 'Right ventricle', 1, 1, '2023-01-10 16:29:52'),
(972, 42, 2, 1, 'Right ventricle', 1, 1, '2023-01-10 16:29:54'),
(973, 42, 2, 1, 'Left ventricle', 1, 1, '2023-01-10 16:29:55'),
(974, 42, 3, 1, 'Right atrium', 1, 1, '2023-01-10 16:29:58'),
(975, 42, 3, 1, 'Left atrium', 1, 1, '2023-01-10 16:30:00'),
(976, 42, 3, 1, 'Right ventricle', 1, 1, '2023-01-10 16:30:02'),
(977, 42, 5, 1, 'Right atrium', 1, 1, '2023-01-10 16:30:09'),
(978, 42, 5, 1, 'Right ventricle', 1, 1, '2023-01-10 16:30:10'),
(979, 42, 5, 1, 'Left  ventricle', 1, 1, '2023-01-10 16:30:11'),
(980, 42, 7, 1, 'Atrium', 1, 1, '2023-01-10 16:30:20'),
(981, 42, 11, 1, 'Systemic atrium, pulmonary atrium,  systemic ventricle, pulmonary ventricle', 1, 1, '2023-01-10 16:30:29'),
(982, 42, 11, 1, 'Right chamber, left chamber, down chamber , up chamber', 1, 1, '2023-01-10 16:30:30'),
(983, 42, 11, 1, 'Systemic atrium, pulmonary atrium,  systemic ventricle, pulmonary ventricle', 1, 1, '2023-01-10 16:30:31'),
(984, 42, 11, 1, 'Systemic atrium, pulmonary atrium,  systemic ventricle, pulmonary ventricle', 1, 1, '2023-01-10 16:30:33'),
(985, 42, 11, 1, 'Right chamber, left chamber, down chamber , up chamber', 1, 1, '2023-01-10 16:30:34'),
(986, 42, 15, 1, '5', 1, 1, '2023-01-10 16:30:45'),
(987, 43, 1, 1, '5', 1, 1, '2023-01-10 16:31:26'),
(988, 43, 1, 1, '5', 1, 1, '2023-01-10 16:31:28'),
(989, 43, 3, 1, 'Right ventricle', 1, 1, '2023-01-10 16:31:32'),
(990, 43, 4, 1, 'Right atrium', 1, 1, '2023-01-10 16:31:38'),
(991, 43, 5, 1, 'Right ventricle', 1, 1, '2023-01-10 16:31:42'),
(992, 43, 5, 1, 'Right ventricle', 1, 1, '2023-01-10 16:31:43'),
(993, 43, 6, 1, 'Atrias', 1, 1, '2023-01-10 16:31:46'),
(994, 43, 6, 1, 'Atrium', 1, 1, '2023-01-10 16:31:47'),
(995, 43, 6, 1, 'Atrium', 1, 1, '2023-01-10 16:31:48'),
(996, 43, 8, 1, 'Pulmonary capillaries', 1, 1, '2023-01-10 16:31:56'),
(997, 43, 8, 1, '	Systemic circuit', 1, 1, '2023-01-10 16:31:57'),
(998, 43, 9, 1, 'Pulmonary circuit', 1, 1, '2023-01-10 16:32:01'),
(999, 43, 9, 1, 'Pulmonary circuit', 1, 1, '2023-01-10 16:32:04'),
(1000, 43, 11, 1, 'Pulmonary trunk, Pulmonary arteries , pulmonary capillaries, pulmonary veins', 1, 1, '2023-01-10 16:32:12'),
(1001, 44, 1, 1, '5', 1, 1, '2023-01-10 16:32:52'),
(1002, 44, 2, 1, 'Right ventricle', 1, 1, '2023-01-10 16:32:56'),
(1003, 44, 2, 1, 'Right ventricle', 1, 1, '2023-01-10 16:32:58'),
(1004, 44, 2, 1, 'Left ventricle', 1, 1, '2023-01-10 16:33:00'),
(1005, 44, 2, 1, 'Left ventricle', 1, 1, '2023-01-10 16:33:01'),
(1006, 44, 2, 1, 'Right ventricle', 1, 1, '2023-01-10 16:33:03'),
(1007, 44, 3, 1, 'Left atrium', 1, 1, '2023-01-10 16:33:11'),
(1008, 44, 5, 1, 'Right ventricle', 1, 1, '2023-01-10 16:33:17'),
(1009, 44, 5, 1, 'Right ventricle', 1, 1, '2023-01-10 16:33:18'),
(1010, 44, 5, 1, 'Left  ventricle', 1, 1, '2023-01-10 16:33:19'),
(1011, 44, 5, 1, 'Right atrium', 1, 1, '2023-01-10 16:33:21'),
(1012, 44, 5, 1, 'Left  ventricle', 1, 1, '2023-01-10 16:33:25'),
(1013, 44, 6, 1, 'Atrias', 1, 1, '2023-01-10 16:33:29'),
(1014, 44, 7, 1, 'Atria', 1, 1, '2023-01-10 16:33:32'),
(1015, 45, 2, 1, 'Right ventricle', 1, 1, '2023-01-10 16:34:18');
INSERT INTO `quiz_mistake` (`mistake_id`, `user_id`, `quizItem_id`, `quiz_id`, `input_answer`, `mistake`, `quiz_attempt`, `date_saved`) VALUES
(1016, 45, 2, 1, 'Left ventricle', 1, 1, '2023-01-10 16:34:20'),
(1017, 45, 2, 1, 'Left ventricle', 1, 1, '2023-01-10 16:34:21'),
(1018, 45, 3, 1, 'Right atrium', 1, 1, '2023-01-10 16:34:24'),
(1019, 45, 3, 1, 'Right ventricle', 1, 1, '2023-01-10 16:34:26'),
(1020, 45, 4, 1, 'Right atrium', 1, 1, '2023-01-10 16:34:29'),
(1021, 45, 5, 1, 'Right atrium', 1, 1, '2023-01-10 16:34:31'),
(1022, 45, 5, 1, 'Right ventricle', 1, 1, '2023-01-10 16:34:33'),
(1023, 45, 5, 1, 'Left  ventricle', 1, 1, '2023-01-10 16:34:34'),
(1024, 45, 6, 1, 'Atrias', 1, 1, '2023-01-10 16:34:39'),
(1025, 45, 7, 1, 'Atria', 1, 1, '2023-01-10 16:34:42'),
(1026, 45, 8, 1, 'Pulmonary capillaries', 1, 1, '2023-01-10 16:34:44'),
(1027, 45, 8, 1, '	Systemic circuit', 1, 1, '2023-01-10 16:34:45'),
(1028, 45, 11, 1, 'Systemic atrium, pulmonary atrium,  systemic ventricle, pulmonary ventricle', 1, 1, '2023-01-10 16:34:52'),
(1029, 45, 11, 1, 'Pulmonary trunk, Pulmonary arteries , pulmonary capillaries, pulmonary veins', 1, 1, '2023-01-10 16:34:53'),
(1030, 45, 12, 1, 'Systemic atrium, pulmonary atrium,  systemic ventricle, pulmonary ventricle', 1, 1, '2023-01-10 16:34:55'),
(1031, 45, 12, 1, 'Capillaries, atrium , veins , chamber', 1, 1, '2023-01-10 16:34:57'),
(1032, 45, 12, 1, 'Right chamber, left chamber, down chamber , up chamber', 1, 1, '2023-01-10 16:34:58'),
(1033, 45, 15, 1, '5', 1, 1, '2023-01-10 16:35:08'),
(1034, 45, 15, 1, '2', 1, 1, '2023-01-10 16:35:10'),
(1035, 45, 15, 1, '1', 1, 1, '2023-01-10 16:35:12'),
(1036, 5, 2, 1, 'Left ventricle', 1, 11, '2023-01-15 08:16:20'),
(1037, 5, 2, 1, 'Right ventricle', 1, 11, '2023-01-15 08:16:23'),
(1038, 5, 11, 1, 'Pulmonary trunk, Pulmonary arteries , pulmonary capillaries, pulmonary veins', 1, 11, '2023-01-15 08:17:37'),
(1039, 5, 11, 1, 'Systemic atrium, pulmonary atrium,  systemic ventricle, pulmonary ventricle', 1, 11, '2023-01-15 08:17:42'),
(1040, 5, 11, 1, 'Right chamber, left chamber, down chamber , up chamber', 1, 11, '2023-01-15 08:17:44'),
(1041, 5, 11, 1, 'Right chamber, left chamber, down chamber , up chamber', 1, 11, '2023-01-15 08:18:15'),
(1042, 5, 11, 1, 'Right chamber, left chamber, down chamber , up chamber', 1, 11, '2023-01-15 08:18:24'),
(1043, 5, 1, 1, '5', 1, 12, '2023-01-16 12:13:48'),
(1044, 5, 1, 1, '1', 1, 12, '2023-01-16 12:13:53'),
(1045, 5, 1, 1, '1', 1, 12, '2023-01-16 12:13:57'),
(1046, 5, 1, 1, '5', 1, 12, '2023-01-16 12:14:04'),
(1315, 6, 2, 1, 'Right ventricle', 1, 1, '2023-02-11 17:28:05'),
(1316, 6, 3, 1, 'Right ventricle', 1, 1, '2023-02-11 17:28:13'),
(1317, 6, 3, 1, 'Right atrium', 1, 1, '2023-02-11 17:28:17'),
(1318, 6, 4, 1, 'Right atrium', 1, 1, '2023-02-11 17:28:23'),
(1319, 6, 4, 1, 'Left atrium', 1, 1, '2023-02-11 17:28:24'),
(1320, 6, 4, 1, 'Right atrium', 1, 1, '2023-02-11 17:28:31'),
(1321, 6, 4, 1, 'Left  ventricle', 1, 1, '2023-02-11 17:28:34'),
(1322, 6, 4, 1, 'Right atrium', 1, 1, '2023-02-11 17:28:36'),
(1323, 6, 5, 1, 'Left  ventricle', 1, 1, '2023-02-11 17:28:47'),
(1324, 6, 10, 1, 'Pulmonary capillaries', 1, 1, '2023-02-11 17:29:13'),
(1325, 6, 10, 1, 'Pulmonary veins', 1, 1, '2023-02-11 17:29:15'),
(1326, 6, 11, 1, 'Systemic atrium, pulmonary atrium,  systemic ventricle, pulmonary ventricle', 1, 1, '2023-02-11 17:29:24'),
(1327, 6, 13, 1, 'Epicardium', 1, 1, '2023-02-11 17:29:37'),
(1328, 6, 13, 1, 'Epicardium', 1, 1, '2023-02-11 17:29:39'),
(1329, 6, 15, 1, '5', 1, 1, '2023-02-11 17:29:58');

-- --------------------------------------------------------

--
-- Table structure for table `quiz_result`
--

CREATE TABLE `quiz_result` (
  `result_id` int(11) NOT NULL,
  `user_id` int(11) NOT NULL,
  `quiz_id` int(11) NOT NULL,
  `total_wrong` int(255) NOT NULL,
  `total_hint` int(255) NOT NULL,
  `final_score` int(255) NOT NULL,
  `time_duration` varchar(255) NOT NULL,
  `is_passed` int(100) NOT NULL,
  `quiz_attempt` int(255) NOT NULL,
  `date_saved` timestamp NOT NULL DEFAULT current_timestamp() ON UPDATE current_timestamp()
) ENGINE=InnoDB DEFAULT CHARSET=utf8mb4 COLLATE=utf8mb4_general_ci;

--
-- Dumping data for table `quiz_result`
--

INSERT INTO `quiz_result` (`result_id`, `user_id`, `quiz_id`, `total_wrong`, `total_hint`, `final_score`, `time_duration`, `is_passed`, `quiz_attempt`, `date_saved`) VALUES
(17, 5, 1, 6, 1, 69, '', 1, 7, '2023-01-09 16:30:27'),
(18, 5, 1, 0, 0, 10, '', 0, 9, '2023-01-09 16:35:02'),
(19, 7, 1, 3, 0, 72, '', 1, 1, '2023-01-10 06:06:23'),
(20, 8, 1, 11, 1, 64, '', 1, 1, '2023-01-10 06:13:04'),
(21, 9, 1, 31, 2, 46, '', 0, 1, '2023-01-10 06:13:06'),
(22, 12, 1, 27, 0, 51, '', 0, 1, '2023-01-10 06:51:36'),
(23, 13, 1, 35, 2, 43, '', 0, 1, '2023-01-10 06:52:05'),
(24, 11, 1, 6, 0, 74, '', 1, 1, '2023-01-10 06:57:02'),
(25, 10, 1, 11, 1, 65, '', 1, 1, '2023-01-10 07:01:21'),
(26, 14, 1, 4, 0, 71, '', 1, 1, '2023-01-10 07:03:32'),
(27, 17, 1, 12, 0, 64, '', 1, 2, '2023-01-10 07:04:16'),
(28, 15, 1, 7, 0, 69, '', 1, 1, '2023-01-10 07:10:00'),
(29, 16, 1, 8, 1, 67, '', 1, 1, '2023-01-10 07:11:30'),
(30, 25, 1, 17, 0, 58, '', 0, 1, '2023-01-10 08:57:22'),
(31, 5, 1, 5, 1, 25, '', 0, 10, '2023-01-10 09:05:16'),
(32, 19, 1, 12, 1, 63, '', 1, 2, '2023-01-10 09:12:09'),
(33, 18, 1, 16, 1, 60, '', 1, 1, '2023-01-10 10:19:25'),
(34, 19, 1, 12, 2, 63, '', 1, 3, '2023-01-10 12:56:59'),
(35, 20, 1, 13, 1, 62, '', 1, 1, '2023-01-10 13:07:33'),
(36, 21, 1, 8, 0, 67, '', 1, 2, '2023-01-10 13:28:59'),
(37, 22, 1, 21, 2, 56, '', 0, 1, '2023-01-10 13:38:55'),
(38, 23, 1, 14, 2, 61, '', 1, 1, '2023-01-10 15:38:08'),
(39, 24, 1, 31, 4, 48, '', 0, 1, '2023-01-10 15:42:24'),
(40, 25, 1, 35, 8, 40, '', 0, 2, '2023-01-10 15:47:48'),
(41, 26, 1, 9, 2, 66, '', 1, 1, '2023-01-10 15:50:38'),
(42, 27, 1, 16, 3, 59, '', 0, 1, '2023-01-10 15:54:03'),
(43, 28, 1, 13, 2, 64, '', 1, 1, '2023-01-10 15:56:39'),
(44, 29, 1, 4, 0, 71, '', 1, 1, '2023-01-10 15:58:19'),
(45, 30, 1, 34, 4, 41, '', 0, 1, '2023-01-10 16:01:17'),
(46, 31, 1, 17, 2, 58, '', 0, 1, '2023-01-10 16:03:46'),
(47, 32, 1, 15, 1, 60, '', 1, 1, '2023-01-10 16:06:19'),
(48, 33, 1, 34, 9, 41, '', 0, 1, '2023-01-10 16:09:07'),
(49, 34, 1, 43, 3, 36, '', 0, 1, '2023-01-10 16:12:12'),
(50, 35, 1, 19, 2, 56, '', 0, 1, '2023-01-10 16:14:12'),
(51, 36, 1, 17, 2, 58, '', 0, 1, '2023-01-10 16:16:21'),
(52, 37, 1, 24, 2, 51, '', 0, 1, '2023-01-10 16:18:41'),
(53, 38, 1, 18, 3, 57, '', 0, 1, '2023-01-10 16:20:47'),
(54, 39, 1, 22, 3, 53, '', 0, 1, '2023-01-10 16:23:00'),
(55, 46, 1, 19, 2, 56, '', 0, 1, '2023-01-10 16:24:43'),
(56, 40, 1, 11, 2, 64, '', 1, 1, '2023-01-10 16:26:06'),
(57, 41, 1, 15, 1, 61, '', 1, 1, '2023-01-10 16:29:20'),
(58, 42, 1, 16, 1, 59, '', 0, 1, '2023-01-10 16:30:48'),
(59, 43, 1, 14, 1, 61, '', 1, 1, '2023-01-10 16:32:26'),
(60, 44, 1, 14, 1, 61, '', 1, 1, '2023-01-10 16:33:51'),
(61, 45, 1, 21, 3, 54, '', 0, 1, '2023-01-10 16:35:18'),
(65, 47, 1, 0, 0, 10, '', 0, 1, '2023-01-15 09:50:40'),
(86, 6, 1, 15, 2, 7, '2', 0, 1, '2023-02-11 17:30:05');

-- --------------------------------------------------------

--
-- Table structure for table `quiz_retake`
--

CREATE TABLE `quiz_retake` (
  `quizRetake_id` int(11) NOT NULL,
  `quiz_id` int(11) NOT NULL,
  `user_id` int(11) NOT NULL,
  `quiz_attempt` int(100) NOT NULL,
  `num_items` int(100) NOT NULL,
  `date_saved` timestamp NOT NULL DEFAULT current_timestamp() ON UPDATE current_timestamp()
) ENGINE=InnoDB DEFAULT CHARSET=utf8mb4 COLLATE=utf8mb4_general_ci;

--
-- Dumping data for table `quiz_retake`
--

INSERT INTO `quiz_retake` (`quizRetake_id`, `quiz_id`, `user_id`, `quiz_attempt`, `num_items`, `date_saved`) VALUES
(6, 1, 6, 1, 8, '2023-02-11 17:30:03');

-- --------------------------------------------------------

--
-- Table structure for table `register`
--

CREATE TABLE `register` (
  `id` int(255) NOT NULL,
  `firstname` varchar(100) NOT NULL,
  `lastname` varchar(100) NOT NULL,
  `gender` varchar(100) NOT NULL,
  `email` varchar(100) NOT NULL,
  `password1` varchar(100) NOT NULL
) ENGINE=InnoDB DEFAULT CHARSET=utf8mb4 COLLATE=utf8mb4_general_ci;

--
-- Dumping data for table `register`
--

INSERT INTO `register` (`id`, `firstname`, `lastname`, `gender`, `email`, `password1`) VALUES
(2, 'Regine', 'Vellarin', 'Female', 'reginevellarin@gmail.com', '12345'),
(3, 'Mary Lou', 'Cenabre', 'Female', 'mary@gmail.com', 'mary123');

-- --------------------------------------------------------

--
-- Table structure for table `retake_attempt`
--

CREATE TABLE `retake_attempt` (
  `ret_attempt_id` int(11) NOT NULL,
  `student_id` int(11) NOT NULL,
  `quiz_id` int(11) NOT NULL,
  `status` int(100) NOT NULL,
  `date_saved` timestamp NOT NULL DEFAULT current_timestamp() ON UPDATE current_timestamp()
) ENGINE=InnoDB DEFAULT CHARSET=utf8mb4 COLLATE=utf8mb4_general_ci;

--
-- Dumping data for table `retake_attempt`
--

INSERT INTO `retake_attempt` (`ret_attempt_id`, `student_id`, `quiz_id`, `status`, `date_saved`) VALUES
(38, 6, 1, 1, '2023-02-11 18:41:24');

-- --------------------------------------------------------

--
-- Table structure for table `retake_correct`
--

CREATE TABLE `retake_correct` (
  `retcorrect_id` int(11) NOT NULL,
  `user_id` int(11) NOT NULL,
  `quiz_id` int(11) NOT NULL,
  `quizItem_id` int(11) NOT NULL,
  `hint_used` int(11) NOT NULL,
  `num_check` int(100) NOT NULL,
  `retake_attempt` int(100) NOT NULL,
  `date_saved` timestamp NOT NULL DEFAULT current_timestamp() ON UPDATE current_timestamp()
) ENGINE=InnoDB DEFAULT CHARSET=utf8mb4 COLLATE=utf8mb4_general_ci;

--
-- Dumping data for table `retake_correct`
--

INSERT INTO `retake_correct` (`retcorrect_id`, `user_id`, `quiz_id`, `quizItem_id`, `hint_used`, `num_check`, `retake_attempt`, `date_saved`) VALUES
(70, 6, 1, 2, 0, 1, 1, '2023-02-11 18:41:26'),
(71, 6, 1, 3, 0, 1, 1, '2023-02-11 18:41:34'),
(72, 6, 1, 4, 0, 1, 1, '2023-02-11 18:41:36'),
(73, 6, 1, 5, 0, 1, 1, '2023-02-11 18:41:39'),
(74, 6, 1, 10, 0, 1, 1, '2023-02-11 18:41:43'),
(75, 6, 1, 11, 0, 1, 1, '2023-02-11 18:41:45'),
(76, 6, 1, 13, 0, 1, 1, '2023-02-11 18:41:47'),
(77, 6, 1, 15, 0, 1, 1, '2023-02-11 18:41:52');

-- --------------------------------------------------------

--
-- Table structure for table `retake_mistake`
--

CREATE TABLE `retake_mistake` (
  `retmistake_id` int(11) NOT NULL,
  `user_id` int(11) NOT NULL,
  `quizItem_id` int(11) NOT NULL,
  `quiz_id` int(11) NOT NULL,
  `input_answer` varchar(255) NOT NULL,
  `mistake` int(100) NOT NULL,
  `retake_attempt` int(100) NOT NULL,
  `date_saved` timestamp NOT NULL DEFAULT current_timestamp() ON UPDATE current_timestamp()
) ENGINE=InnoDB DEFAULT CHARSET=utf8mb4 COLLATE=utf8mb4_general_ci;

-- --------------------------------------------------------

--
-- Table structure for table `retake_result`
--

CREATE TABLE `retake_result` (
  `retResult_id` int(11) NOT NULL,
  `user_id` int(11) NOT NULL,
  `quiz_id` int(11) NOT NULL,
  `total_wrong` int(100) NOT NULL,
  `total_hint` int(100) NOT NULL,
  `total_correct` int(100) NOT NULL,
  `duration` varchar(100) NOT NULL,
  `total_questions` int(100) NOT NULL,
  `retake_attempt` int(11) NOT NULL,
  `date_saved` timestamp NOT NULL DEFAULT current_timestamp() ON UPDATE current_timestamp()
) ENGINE=InnoDB DEFAULT CHARSET=utf8mb4 COLLATE=utf8mb4_general_ci;

--
-- Dumping data for table `retake_result`
--

INSERT INTO `retake_result` (`retResult_id`, `user_id`, `quiz_id`, `total_wrong`, `total_hint`, `total_correct`, `duration`, `total_questions`, `retake_attempt`, `date_saved`) VALUES
(3, 6, 1, 0, 0, 8, '0', 8, 1, '2023-02-11 18:55:02');

-- --------------------------------------------------------

--
-- Table structure for table `survey_set`
--

CREATE TABLE `survey_set` (
  `id` int(30) NOT NULL,
  `title` varchar(200) NOT NULL,
  `description` text NOT NULL,
  `user_id` int(30) NOT NULL,
  `Quiz_title` varchar(155) NOT NULL,
  `Quiz_desc` text NOT NULL,
  `date_created` datetime NOT NULL DEFAULT current_timestamp()
) ENGINE=InnoDB DEFAULT CHARSET=utf8mb4 COLLATE=utf8mb4_general_ci;

--
-- Dumping data for table `survey_set`
--

INSERT INTO `survey_set` (`id`, `title`, `description`, `user_id`, `Quiz_title`, `Quiz_desc`, `date_created`) VALUES
(13, 'ANATOMY OF THE HEART', 'MULTIPLE CHOICE', 0, '', '', '2022-12-15 19:41:13'),
(16, 'Anatomy of the heart', 'Example', 0, '', '', '2022-12-16 22:46:49'),
(17, 'Anatomy of the heart', 'Example', 0, '', '', '2022-12-16 22:49:10'),
(18, 'Anatomy of the heart', 'Ex', 0, '', '', '2022-12-16 22:51:48');

-- --------------------------------------------------------

--
-- Table structure for table `users`
--

CREATE TABLE `users` (
  `id` int(30) NOT NULL,
  `firstname` varchar(200) NOT NULL,
  `lastname` varchar(200) NOT NULL,
  `middlename` varchar(200) NOT NULL,
  `contact` varchar(100) NOT NULL,
  `address` text NOT NULL,
  `email` varchar(200) NOT NULL,
  `password` text NOT NULL,
  `type` tinyint(1) NOT NULL DEFAULT 3 COMMENT '1=Admin,2 = Teacher, 3= Student',
  `date_created` datetime NOT NULL DEFAULT current_timestamp()
) ENGINE=InnoDB DEFAULT CHARSET=utf8mb4 COLLATE=utf8mb4_general_ci;

--
-- Dumping data for table `users`
--

INSERT INTO `users` (`id`, `firstname`, `lastname`, `middlename`, `contact`, `address`, `email`, `password`, `type`, `date_created`) VALUES
(1, 'Admin', 'Admin', '', '+123456789', 'Sample address', 'admin@admin.com', '0192023a7bbd73250516f069df18b500', 1, '2020-11-10 08:43:06'),
(2, 'Shiver Joy', 'Raboy', 'R', '8747808787', 'Mabini Street', 'shiver@gmail.com', '5a58c39cd988b334d7fb8bfa50daa6ff', 3, '2020-11-10 09:16:53'),
(3, 'Sean Lester', 'Villarta', 'P', '+6948 8542 623', 'Estrada 4th', 'sean@gmail.com', 'feed516f8ad036737189efce269d5936', 3, '2020-11-10 15:59:11'),
(4, 'Mary Lou', 'Cenabre', 'C', '8747808787', 'Cogon, Biao', 'mary@gmail.com', 'c2771f9081602248cf86ac8e7fb6f559', 3, '2020-11-10 16:21:02'),
(5, 'Regine', 'Vellarin', 'Mendez', '09105376536', 'Aplaya', 'reginevellarin@gmail.com', '946d9afb68a4a9df13d50c468e73f61a', 3, '2022-12-12 07:01:48'),
(6, 'James', 'Tuling', 'M', '09877834231', 'Mainland China', 'parengjames@gmail.com', '202cb962ac59075b964b07152d234b70', 3, '2023-01-05 23:32:35'),
(7, 'User 1', 'User 1', '1', '09123456789', 'Digos, City', 'user1@gmail.com', '467b1a00bd99b4a647561dd674cbcbfa', 3, '2023-01-10 01:12:16'),
(8, 'User 2', 'User 2 ', '2', '09123456789', 'Digos, City', 'user2@gmail.com', '631ae4267a25e66583c5490adea3eff0', 3, '2023-01-10 01:14:57'),
(9, 'User 3', 'User 3 ', '3', '0910123456789', 'Digos, City', 'user3@gmail.com', '2ab823874214bfb6e9e0a3b37a5c75d3', 3, '2023-01-10 01:16:37'),
(10, 'User 4', 'User 4', '4', '0910123456789', 'Digos City', 'user4@gmail.com', '350a19caf2990539633f2e97929849c6', 3, '2023-01-10 01:20:08'),
(11, 'User 5', 'User 5', '5', '0910123456789', 'Digos City', 'user5@gmail.com', 'b67b39cbae8df51c17d0f2aac8a54f9e', 3, '2023-01-10 01:20:44'),
(12, 'User 6', 'User 6', '6', '0910123456789', 'Digos City', 'user6@gmail.com', '21cab3bce76b86d4c16f8aceb8c26b6b', 3, '2023-01-10 01:21:17'),
(13, 'User 7', 'User 7', '7', '0910123456789', 'Digos City', 'user7@gmail.com', '817c3046c6841f42da146014ca84f975', 3, '2023-01-10 01:21:55'),
(14, 'User 8', 'User 7', '8', '0910123456789', 'Digos City', 'user8@gmail.com', 'e85603301b571c75c34c2060be3b3c47', 3, '2023-01-10 01:22:38'),
(15, 'User 9', 'User 9', '9', '0910123456789', 'Digos City', 'user9@gmail.com', '480e951a24ea8c2f942aae5a1ee6c016', 3, '2023-01-10 01:23:31'),
(16, 'User 10', 'User 10', '10', '09105376536', 'Digos, City', 'user10@gmail.com', '6c0b8852c4a27911d93d5fdce6f95964', 3, '2023-01-10 01:24:09'),
(17, 'User 11', 'User 11', '11', '0910123456789', 'Digos City', 'user11@gmail.com', '353aa7b740a628c418a83e1a87a33088', 3, '2023-01-10 01:30:47'),
(18, 'User 12', 'User 12', '12', '0910123456789', 'Digos City', 'user12@gmail.com', 'a5ec67e50e3f5d7c8dbece883e0eb15e', 3, '2023-01-10 01:32:15'),
(19, 'User 13', 'User 13', '13', '0910123456789', 'Digos CIty', 'user13@gmail.com', '74ad1415d2f675ed456ed133d102bce7', 3, '2023-01-10 01:32:52'),
(20, 'User 14', 'User 14', '14', '09756148351', 'Digos CIty', 'user14@gmail.com', 'c53053a31c6ead5d52b5389bdf687906', 3, '2023-01-10 01:33:39'),
(21, 'User 15', 'User 15', '15', '09123456789', 'Digos CIty', 'user15@gmail.com', '8cbe56a4363fefdd96a05a547effb4fe', 3, '2023-01-10 01:34:11'),
(22, 'User 16', 'User 16', '16', '09105376536', 'Digos CIty', 'user16@gmail.com', 'c1edb70aeb894fd158a713b5a8908646', 3, '2023-01-10 01:34:41'),
(23, 'User 17', 'User 17', '17', '09123654786', 'Digos CIty', 'user17@gmail.com', 'd841abc18637f5e07b06d75a5aabee09', 3, '2023-01-10 01:35:47'),
(24, 'User 18', 'User 18', '18', '09105376536', 'Digos CIty', 'user18@gmail.com', 'ef63692d7db4dc4b7c4fa69879d8feae', 3, '2023-01-10 01:36:24'),
(25, 'User 19', 'User 19', '19', '09123654785', 'Digos CIty', 'user19@gmail.com', '865bc496f448e2e47aea995fca8b6f96', 3, '2023-01-10 01:36:56'),
(26, 'User 20', 'User 20', '20', '09123456789', 'Digos CIty', 'user20@gmail.com', '6adc7e0ec6419c89cfcbd4d1ac7b4a83', 3, '2023-01-10 01:37:49'),
(27, 'User 21', 'User 21', '21', '09105376536', 'Digos CIty', 'user21@gmail.com', 'e9dba27ed5f8df36e9b4bda37cacae90', 3, '2023-01-10 01:38:24'),
(28, 'User 22', 'User 22', '22', '09123456789', 'Digos CIty', 'user22@gmail.com', '6b63ba00748f47c6eaf2c8356d35132b', 3, '2023-01-10 01:38:55'),
(29, 'User 23', 'User 23', '23', '09154687235', 'Digos CIty', 'user23@gmail.com', '7ad8e1b35786c0cf32afc572fa99c330', 3, '2023-01-10 01:39:29'),
(30, 'User 24', 'User 24', '24', '09123456789', 'Digos CIty', 'user24@gmail.com', 'dddd43b0e59c350ffea8bc8929c4be20', 3, '2023-01-10 01:39:58'),
(31, 'User 25', 'User 25', '25', '09105376536', 'Digos CIty', 'user25@gmail.com', '44ac7e49ebe0587c395ba89e658a74c5', 3, '2023-01-10 01:40:29'),
(32, 'User 26', 'User 26', '26', '09105376536', 'Digos CIty', 'user26@gmail.com', '83ab01885e8e2bc3664829fbfd139e19', 3, '2023-01-10 01:41:07'),
(33, 'User 27', 'User 27', '27', '09123456789', 'Digos CIty', 'user27@gmail.com', 'ffed06e3cc74a32f167c726d277870f4', 3, '2023-01-10 01:41:37'),
(34, 'User 28', 'User 28', '28', '0910123456789', 'Digos CIty', 'user28@gmail.com', '42f7e614e93f83198991fbd8b3f528ca', 3, '2023-01-10 01:42:30'),
(35, 'User 29', 'User 29', '29', '09105376536', 'Digos CIty', 'user29@gmail.com', '9009addaeeb62a80a341d40be25e83f1', 3, '2023-01-10 01:42:59'),
(36, 'User 30', 'User 30', '30', '09123456789', 'Digos CIty', 'user30@gmail.com', '7e35b7963bf0c84cd1de5d737a36f8ce', 3, '2023-01-10 01:43:34'),
(37, 'User 31', 'User 31', '31', '09101234567', 'Digos CIty', 'user31@gmail.com', '1aad44141e221b031f926d4f0c99707a', 3, '2023-01-10 01:44:22'),
(38, 'User 32', 'User 32', '32', '12345', 'Digos', 'user32@gmail.com', '98f2648ebf0430effe1bd0ac5841c38a', 3, '2023-01-10 01:45:39'),
(39, 'User 33', 'User 33', '33', '12345', 'Digos', 'user33@gmail.com', 'b5b73fae0d87d8b4e2573105f8fbe7bc', 3, '2023-01-10 01:46:06'),
(40, 'User35', 'User 35', '35', '12345', 'Digos', 'user35@gmail.com', 'b5b73fae0d87d8b4e2573105f8fbe7bc', 3, '2023-01-10 01:47:28'),
(41, 'User 36', 'User 36', '36', '12345', 'Digos', 'user36@gmail.com', 'b5b73fae0d87d8b4e2573105f8fbe7bc', 3, '2023-01-10 01:47:52'),
(42, 'User 37', 'User 37', '37', '12345', 'Digos', 'user37@gmail.com', 'b5b73fae0d87d8b4e2573105f8fbe7bc', 3, '2023-01-10 01:48:22'),
(43, 'User 38', 'User 38', '38', '12345', 'Digos', 'user38@gmail.com', 'b5b73fae0d87d8b4e2573105f8fbe7bc', 3, '2023-01-10 01:48:48'),
(44, 'User 39', 'User 39', '39', '12345', 'Digos', 'user39@gmail.com', 'b5b73fae0d87d8b4e2573105f8fbe7bc', 3, '2023-01-10 01:49:21'),
(45, 'User 40', 'User 40 ', '40', '12345', 'Digos', 'user40@gmail.com', 'b5b73fae0d87d8b4e2573105f8fbe7bc', 3, '2023-01-10 01:49:51'),
(46, 'User 34', 'User 34', '34', '12345', 'Digos', 'user34@gmail.com', 'b5b73fae0d87d8b4e2573105f8fbe7bc', 3, '2023-01-10 01:53:01'),
(47, 'Jonah', 'Pacala', 'p', '091054', 'Cagayan DE Oro', 'jonaxx@gmail.com', '54f3e19d6bf4cad8f3e64d69b6230e5c', 3, '2023-01-13 00:08:04'),
(49, 'Ghinlou', 'Baran', 'B', '0910123456789', 'Digos', 'ghinloubar@gmail.com', 'b40aa5713c92829af05a335e496f952f', 3, '2023-01-17 02:37:28');

--
-- Indexes for dumped tables
--

--
-- Indexes for table `item_retake`
--
ALTER TABLE `item_retake`
  ADD PRIMARY KEY (`id`);

--
-- Indexes for table `lesson_set`
--
ALTER TABLE `lesson_set`
  ADD PRIMARY KEY (`id`);

--
-- Indexes for table `questions`
--
ALTER TABLE `questions`
  ADD PRIMARY KEY (`id`);

--
-- Indexes for table `quiz`
--
ALTER TABLE `quiz`
  ADD PRIMARY KEY (`quiz_id`);

--
-- Indexes for table `quizlist`
--
ALTER TABLE `quizlist`
  ADD PRIMARY KEY (`id`);

--
-- Indexes for table `quiz_attempt`
--
ALTER TABLE `quiz_attempt`
  ADD PRIMARY KEY (`quizAttempt_id`);

--
-- Indexes for table `quiz_correct`
--
ALTER TABLE `quiz_correct`
  ADD PRIMARY KEY (`quizCorrect_id`);

--
-- Indexes for table `quiz_item`
--
ALTER TABLE `quiz_item`
  ADD PRIMARY KEY (`quizItemID`);

--
-- Indexes for table `quiz_mistake`
--
ALTER TABLE `quiz_mistake`
  ADD PRIMARY KEY (`mistake_id`);

--
-- Indexes for table `quiz_result`
--
ALTER TABLE `quiz_result`
  ADD PRIMARY KEY (`result_id`);

--
-- Indexes for table `quiz_retake`
--
ALTER TABLE `quiz_retake`
  ADD PRIMARY KEY (`quizRetake_id`);

--
-- Indexes for table `register`
--
ALTER TABLE `register`
  ADD PRIMARY KEY (`id`);

--
-- Indexes for table `retake_attempt`
--
ALTER TABLE `retake_attempt`
  ADD PRIMARY KEY (`ret_attempt_id`);

--
-- Indexes for table `retake_correct`
--
ALTER TABLE `retake_correct`
  ADD PRIMARY KEY (`retcorrect_id`);

--
-- Indexes for table `retake_mistake`
--
ALTER TABLE `retake_mistake`
  ADD PRIMARY KEY (`retmistake_id`);

--
-- Indexes for table `retake_result`
--
ALTER TABLE `retake_result`
  ADD PRIMARY KEY (`retResult_id`);

--
-- Indexes for table `survey_set`
--
ALTER TABLE `survey_set`
  ADD PRIMARY KEY (`id`);

--
-- Indexes for table `users`
--
ALTER TABLE `users`
  ADD PRIMARY KEY (`id`);

--
-- AUTO_INCREMENT for dumped tables
--

--
-- AUTO_INCREMENT for table `item_retake`
--
ALTER TABLE `item_retake`
  MODIFY `id` int(11) NOT NULL AUTO_INCREMENT, AUTO_INCREMENT=65;

--
-- AUTO_INCREMENT for table `lesson_set`
--
ALTER TABLE `lesson_set`
  MODIFY `id` int(11) NOT NULL AUTO_INCREMENT, AUTO_INCREMENT=5;

--
-- AUTO_INCREMENT for table `questions`
--
ALTER TABLE `questions`
  MODIFY `id` int(30) NOT NULL AUTO_INCREMENT, AUTO_INCREMENT=26;

--
-- AUTO_INCREMENT for table `quiz`
--
ALTER TABLE `quiz`
  MODIFY `quiz_id` int(11) NOT NULL AUTO_INCREMENT, AUTO_INCREMENT=2;

--
-- AUTO_INCREMENT for table `quizlist`
--
ALTER TABLE `quizlist`
  MODIFY `id` int(15) NOT NULL AUTO_INCREMENT, AUTO_INCREMENT=6;

--
-- AUTO_INCREMENT for table `quiz_attempt`
--
ALTER TABLE `quiz_attempt`
  MODIFY `quizAttempt_id` int(11) NOT NULL AUTO_INCREMENT, AUTO_INCREMENT=224;

--
-- AUTO_INCREMENT for table `quiz_correct`
--
ALTER TABLE `quiz_correct`
  MODIFY `quizCorrect_id` int(11) NOT NULL AUTO_INCREMENT, AUTO_INCREMENT=1192;

--
-- AUTO_INCREMENT for table `quiz_item`
--
ALTER TABLE `quiz_item`
  MODIFY `quizItemID` int(11) NOT NULL AUTO_INCREMENT, AUTO_INCREMENT=16;

--
-- AUTO_INCREMENT for table `quiz_mistake`
--
ALTER TABLE `quiz_mistake`
  MODIFY `mistake_id` int(11) NOT NULL AUTO_INCREMENT, AUTO_INCREMENT=1330;

--
-- AUTO_INCREMENT for table `quiz_result`
--
ALTER TABLE `quiz_result`
  MODIFY `result_id` int(11) NOT NULL AUTO_INCREMENT, AUTO_INCREMENT=87;

--
-- AUTO_INCREMENT for table `quiz_retake`
--
ALTER TABLE `quiz_retake`
  MODIFY `quizRetake_id` int(11) NOT NULL AUTO_INCREMENT, AUTO_INCREMENT=7;

--
-- AUTO_INCREMENT for table `register`
--
ALTER TABLE `register`
  MODIFY `id` int(255) NOT NULL AUTO_INCREMENT, AUTO_INCREMENT=4;

--
-- AUTO_INCREMENT for table `retake_attempt`
--
ALTER TABLE `retake_attempt`
  MODIFY `ret_attempt_id` int(11) NOT NULL AUTO_INCREMENT, AUTO_INCREMENT=39;

--
-- AUTO_INCREMENT for table `retake_correct`
--
ALTER TABLE `retake_correct`
  MODIFY `retcorrect_id` int(11) NOT NULL AUTO_INCREMENT, AUTO_INCREMENT=78;

--
-- AUTO_INCREMENT for table `retake_mistake`
--
ALTER TABLE `retake_mistake`
  MODIFY `retmistake_id` int(11) NOT NULL AUTO_INCREMENT, AUTO_INCREMENT=49;

--
-- AUTO_INCREMENT for table `retake_result`
--
ALTER TABLE `retake_result`
  MODIFY `retResult_id` int(11) NOT NULL AUTO_INCREMENT, AUTO_INCREMENT=4;

--
-- AUTO_INCREMENT for table `survey_set`
--
ALTER TABLE `survey_set`
  MODIFY `id` int(30) NOT NULL AUTO_INCREMENT, AUTO_INCREMENT=19;

--
-- AUTO_INCREMENT for table `users`
--
ALTER TABLE `users`
  MODIFY `id` int(30) NOT NULL AUTO_INCREMENT, AUTO_INCREMENT=50;
COMMIT;

/*!40101 SET CHARACTER_SET_CLIENT=@OLD_CHARACTER_SET_CLIENT */;
/*!40101 SET CHARACTER_SET_RESULTS=@OLD_CHARACTER_SET_RESULTS */;
/*!40101 SET COLLATION_CONNECTION=@OLD_COLLATION_CONNECTION */;
